season,week,game_time,date_stamp,desc,down,drive,first_down,home,note,passing_att,passing_cmp,passing_cmp_air_yds,passing_first_down,passing_tds,passing_yds,players,playid,receiving_rec,receiving_tar,receiving_tds,receiving_yac_yds,receiving_yds,team,time,touchdown,yardline,yards_togo
2013,1,4:25,9/8/2013,(14:27) (Shotgun) A.Rodgers sacked at GB 13 for -8 yards (A.Smith).,2,0,0,False,,0,0,0,0,0,0,"[A.Smith, A.Rodgers]",75,0,0,0,0,0,GB,Q1 14:27,False,OWN 21,9
2013,1,4:25,9/8/2013,(13:59) (Shotgun) A.Rodgers pass short right to J.Finley to GB 22 for 9 yards (P.Willis). Caught at GB15.  7-yds YAC,3,0,0,False,,1,1,2,0,0,9,"[P.Willis, J.Finley, A.Rodgers]",94,1,1,0,7,9,GB,Q1 13:59,False,OWN 13,17
2013,1,4:25,9/8/2013,(12:02) (Shotgun) A.Rodgers pass short left to J.Finley ran ob at GB 24 for 9 yards. Caught at GB 15.  9-yds YAC,2,2,0,False,,1,1,0,0,0,9,"[J.Finley, A.Rodgers]",280,1,1,0,9,9,GB,Q1 12:02,False,OWN 15,13
2013,1,4:25,9/8/2013,(11:40) (Shotgun) A.Rodgers pass deep middle to R.Cobb to GB 42 for 18 yards (D.Whitner). Caught at GB 41.  1-yd YAC,3,2,1,False,,1,1,17,1,0,18,"[D.Whitner, A.Rodgers, R.Cobb]",304,1,1,0,1,18,GB,Q1 11:40,False,OWN 24,4
2013,1,4:25,9/8/2013,(10:03) (Shotgun) A.Rodgers pass incomplete short right to E.Lacy.,3,2,0,False,,1,0,0,0,0,0,"[A.Rodgers, E.Lacy]",378,0,1,0,0,0,GB,Q1 10:03,False,OWN 45,7
2013,1,4:25,9/8/2013,(2:52) (Shotgun) A.Rodgers pass short right to R.Cobb to GB 33 for 13 yards (D.Whitner). Caught at GB 27.  6-yds YAC,1,4,1,False,,1,1,7,1,0,13,"[D.Whitner, A.Rodgers, R.Cobb]",763,1,1,0,6,13,GB,Q1 02:52,False,OWN 20,10
2013,1,4:25,9/8/2013,(2:17) (Shotgun) A.Rodgers pass deep right to J.Nelson to SF 36 for 31 yards (E.Reid). Caught at SF 38.  2-yds YAC,1,4,1,False,,1,1,29,1,0,31,"[J.Nelson, A.Rodgers, E.Reid]",787,1,1,0,2,31,GB,Q1 02:17,False,OWN 33,10
2013,1,4:25,9/8/2013,(1:57) (No Huddle) A.Rodgers pass incomplete deep right to J.Nelson.,1,4,0,False,,1,0,0,0,0,0,"[A.Rodgers, J.Nelson]",815,0,1,0,0,0,GB,Q1 01:57,False,OPP 36,10
2013,1,4:25,9/8/2013,(1:53) (Shotgun) A.Rodgers pass short left to E.Lacy to SF 5 for 31 yards (D.Whitner). Caught at SF 38.  33-yds YAC,2,4,1,False,,1,1,-2,1,0,31,"[D.Whitner, A.Rodgers, E.Lacy]",841,1,1,0,33,31,GB,Q1 01:53,False,OPP 36,10
2013,1,4:25,9/8/2013,(1:18) (Shotgun) A.Rodgers pass incomplete short right to R.Cobb.,1,4,0,False,,1,0,0,0,0,0,"[A.Rodgers, R.Cobb]",865,0,1,0,0,0,GB,Q1 01:18,False,OPP 5,5
2013,1,4:25,9/8/2013,"(1:11) (Shotgun) A.Rodgers pass short right to R.Cobb for 5 yards, TOUCHDOWN. Caught at SF 3.  3-yds YAC",2,4,1,False,TD,1,1,2,1,1,5,"[A.Rodgers, R.Cobb]",891,1,1,1,3,5,GB,Q1 01:11,True,OPP 5,5
2013,1,4:25,9/8/2013,(8:50) A.Rodgers pass incomplete short right to J.Nelson.,1,8,0,False,,1,0,0,0,0,0,"[A.Rodgers, J.Nelson]",1443,0,1,0,0,0,GB,Q2 08:50,False,OWN 4,10
2013,1,4:25,9/8/2013,(8:46) (Shotgun) A.Rodgers pass short right to J.Starks ran ob at GB 12 for 8 yards. Caught at GB 4. 8-yds YAC,2,8,0,False,,1,1,0,0,0,8,"[A.Rodgers, J.Starks]",1465,1,1,0,8,8,GB,Q2 08:46,False,OWN 4,10
2013,1,4:25,9/8/2013,(8:14) (Shotgun) A.Rodgers pass incomplete short right to J.Jones (N.Asomugha).,3,8,0,False,,1,0,0,0,0,0,"[N.Asomugha, A.Rodgers, J.Jones]",1489,0,1,0,0,0,GB,Q2 08:14,False,OWN 12,2
2013,1,4:25,9/8/2013,"(6:13) (No Huddle, Shotgun) A.Rodgers pass short left to J.Nelson to GB 24 for 8 yards (T.Brown). Caught at GB 22.  2-yds YAC",2,10,1,False,,1,1,6,1,0,8,"[T.Brown, A.Rodgers, J.Nelson]",1679,1,1,0,2,8,GB,Q2 06:13,False,OWN 16,7
2013,1,4:25,9/8/2013,(5:26) (Shotgun) A.Rodgers pass short left to J.Nelson to SF 49 for 22 yards (D.Whitner). Caught at GB 31  22-yds YAC,1,10,1,False,,1,1,2,1,0,22,"[D.Whitner, A.Rodgers, J.Nelson]",1730,1,1,0,20,22,GB,Q2 05:26,False,OWN 29,5
2013,1,4:25,9/8/2013,(4:33) (Shotgun) A.Rodgers pass short middle intended for J.Finley INTERCEPTED by E.Reid at SF 44. E.Reid to SF 44 for no gain (J.Finley).,1,10,0,False,INT,1,0,0,0,0,0,"[J.Finley, A.Rodgers, E.Reid]",1790,0,1,0,0,0,GB,Q2 04:33,False,OWN 41,20
2013,1,4:25,9/8/2013,"(1:32) (Shotgun) A.Rodgers pass short left to J.Finley to SF 49 for 13 yards (D.Whitner). PENALTY on SF-A.Brooks, Roughing the Passer, 15 yards, enforced at SF 49. Caught at GB 37.  14-yd YAC",1,12,2,False,PENALTY,1,1,-1,1,0,13,"[D.Whitner, J.Finley, A.Rodgers, A.Brooks]",1995,1,1,0,14,13,GB,Q2 01:32,False,OWN 38,10
2013,1,4:25,9/8/2013,(1:24) (Shotgun) A.Rodgers pass incomplete deep right to J.Jones [A.Smith].,1,12,0,False,,1,0,0,0,0,0,"[A.Smith, A.Rodgers, J.Jones]",2030,0,1,0,0,0,GB,Q2 01:24,False,OPP 34,10
2013,1,4:25,9/8/2013,(1:14) (Shotgun) A.Rodgers pass incomplete short right to R.Cobb.,2,12,0,False,,1,0,0,0,0,0,"[A.Rodgers, R.Cobb]",2084,0,1,0,0,0,GB,Q2 01:14,False,OPP 44,20
2013,1,4:25,9/8/2013,(:58) (Shotgun) A.Rodgers pass short right to J.Nelson pushed ob at SF 24 for 15 yards (D.Whitner). Caught at SF 33.  9-yds YAC,3,12,1,False,,1,1,6,1,0,15,"[D.Whitner, A.Rodgers, J.Nelson]",2156,1,1,0,9,15,GB,Q2 00:58,False,OPP 39,15
2013,1,4:25,9/8/2013,(:52) (Shotgun) A.Rodgers pass short right to J.Nelson to SF 15 for 9 yards (E.Reid). Caught at SF  15.  0-yds YAC,1,12,0,False,,1,1,9,0,0,9,"[J.Nelson, A.Rodgers, E.Reid]",2180,1,1,0,0,9,GB,Q2 00:52,False,OPP 24,10
2013,1,4:25,9/8/2013,(:44) (Shotgun) A.Rodgers pass incomplete short left to R.Cobb.,2,12,0,False,,1,0,0,0,0,0,"[A.Rodgers, R.Cobb]",2222,0,1,0,0,0,GB,Q2 00:44,False,OPP 15,1
2013,1,4:25,9/8/2013,"(:21) A.Rodgers pass short right to J.Finley for 12 yards, TOUCHDOWN. Caught at SF 11.  11-yds YAC",1,12,1,False,TD,1,1,1,1,1,12,"[J.Finley, A.Rodgers]",2270,1,1,1,11,12,GB,Q2 00:21,True,OPP 12,10
2013,1,4:25,9/8/2013,(8:24) (Shotgun) A.Rodgers pass short right to R.Cobb to GB 27 for 3 yards (E.Reid). Caught at GB 24.  3-yds YAC,3,15,0,False,,1,1,0,0,0,3,"[A.Rodgers, R.Cobb, E.Reid]",2786,1,1,0,3,3,GB,Q3 08:24,False,OWN 24,8
2013,1,4:25,9/8/2013,"(5:27) (Shotgun) A.Rodgers scrambles left end pushed ob at GB 46 for 6 yards (N.Bowman). PENALTY on SF-N.Bowman, Unsportsmanlike Conduct, 15 yards, enforced at GB 46.",3,17,2,False,PENALTY,0,0,0,0,0,0,"[A.Rodgers, N.Bowman]",2999,0,0,0,0,0,GB,Q3 05:27,False,OWN 40,1
2013,1,4:25,9/8/2013,(5:06) (Shotgun) A.Rodgers pass short right to R.Cobb to SF 26 for 13 yards (E.Reid). Caught at SF 28.  2-yds YAC,1,17,1,False,,1,1,11,1,0,13,"[A.Rodgers, R.Cobb, E.Reid]",3031,1,1,0,2,13,GB,Q3 05:06,False,OPP 39,10
2013,1,4:25,9/8/2013,(4:33) (Shotgun) A.Rodgers pass incomplete deep left to J.Finley (D.Whitner).,1,17,0,False,,1,0,0,0,0,0,"[D.Whitner, J.Finley, A.Rodgers]",3055,0,1,0,0,0,GB,Q3 04:33,False,OPP 26,10
2013,1,4:25,9/8/2013,(4:24) A.Rodgers pass short middle to R.Cobb to SF 8 for 18 yards (E.Reid). Caught at SF 11.  3-yds YAC,2,17,1,False,,1,1,15,1,0,18,"[A.Rodgers, R.Cobb, E.Reid]",3081,1,1,0,3,18,GB,Q3 04:24,False,OPP 26,10
2013,1,4:25,9/8/2013,"(3:52) (No Huddle) A.Rodgers pass short right to J.Nelson for 8 yards, TOUCHDOWN. Caught at SF 0.  0-yds YAC",1,17,1,False,TD,1,1,8,1,1,8,"[A.Rodgers, J.Nelson]",3105,1,1,1,0,8,GB,Q3 03:52,True,OPP 8,8
2013,1,4:25,9/8/2013,(13:44) A.Rodgers sacked at GB 20 for -3 yards (sack split by R.McDonald and A.Smith).,2,19,0,False,,0,0,0,0,0,0,"[R.McDonald, A.Smith, A.Rodgers]",3510,0,0,0,0,0,GB,Q4 13:44,False,OWN 23,7
2013,1,4:25,9/8/2013,(13:11) (Shotgun) A.Rodgers pass incomplete short middle to J.Finley (N.Bowman).,3,19,0,False,,1,0,0,0,0,0,"[J.Finley, A.Rodgers, N.Bowman]",3529,0,1,0,0,0,GB,Q4 13:11,False,OWN 20,10
2013,1,4:25,9/8/2013,"(9:58) (No Huddle, Shotgun) A.Rodgers pass short right to J.Finley to 50 for 13 yards (N.Bowman). Caught at GB 36.  14-yds YAC",1,21,1,False,,1,1,-1,1,0,13,"[J.Finley, A.Rodgers, N.Bowman]",3748,1,1,0,14,13,GB,Q4 09:58,False,OWN 37,10
2013,1,4:25,9/8/2013,"(9:37) (No Huddle, Shotgun) A.Rodgers pass deep left to J.Nelson ran ob at SF 13 for 37 yards. Caught at SF 13.  0-yds YAC",1,21,1,False,,1,1,37,1,0,37,"[A.Rodgers, J.Nelson]",3772,1,1,0,0,37,GB,Q4 09:37,False,MIDFIELD,10
2013,1,4:25,9/8/2013,(8:34) A.Rodgers pass incomplete short right to R.Cobb.,1,21,0,False,,1,0,0,0,0,0,"[A.Rodgers, R.Cobb]",3846,0,1,0,0,0,GB,Q4 08:34,False,OPP 2,2
2013,1,4:25,9/8/2013,(5:44) (Shotgun) A.Rodgers pass incomplete short right to R.Cobb (A.Brooks).,1,23,0,False,,1,0,0,0,0,0,"[A.Rodgers, A.Brooks, R.Cobb]",4097,0,1,0,0,0,GB,Q4 05:44,False,OWN 9,10
2013,1,4:25,9/8/2013,(5:41) (Shotgun) A.Rodgers scrambles up the middle to GB 16 for 7 yards (E.Reid).,2,23,0,False,,0,0,0,0,0,0,"[A.Rodgers, E.Reid]",4119,0,0,0,0,0,GB,Q4 05:41,False,OWN 9,10
2013,1,4:25,9/8/2013,(5:08) (Shotgun) A.Rodgers pass incomplete deep left to J.Nelson (N.Asomugha).,3,23,0,False,,1,0,0,0,0,0,"[N.Asomugha, A.Rodgers, J.Nelson]",4140,0,1,0,0,0,GB,Q4 05:08,False,OWN 16,3
2013,1,4:25,9/8/2013,(:26) (Shotgun) A.Rodgers pass deep right to R.Cobb to SF 42 for 38 yards (D.Whitner). Caught at GB 49.  9-yds YAC,1,25,1,False,,1,1,29,1,0,38,"[D.Whitner, A.Rodgers, R.Cobb]",4557,1,1,0,9,38,GB,Q4 00:26,False,OWN 20,10
2013,1,4:25,9/8/2013,(:03) A.Rodgers spiked the ball to stop the clock.,1,25,0,False,,1,0,0,0,0,0,[A.Rodgers],4581,0,0,0,0,0,GB,Q4 00:03,False,OPP 42,10
2013,1,4:25,9/8/2013,(:03) (Shotgun) A.Rodgers pass incomplete short middle to J.Kuhn [A.Smith].,2,25,0,False,,1,0,0,0,0,0,"[A.Smith, A.Rodgers, J.Kuhn]",4607,0,1,0,0,0,GB,Q4 00:03,False,OPP 42,10
2013,2,1:00,9/15/2013,(15:00) A.Rodgers pass incomplete short middle to J.Nelson.,1,0,0,True,,1,0,0,0,0,0,"[A.Rodgers, J.Nelson]",54,0,1,0,0,0,GB,Q1 15:00,False,OWN 20,10
2013,2,1:00,9/15/2013,(14:54) (Shotgun) A.Rodgers pass short left to R.Cobb pushed ob at GB 24 for 4 yards (J.Wilson).,2,0,0,True,,1,1,-4,0,0,4,"[A.Rodgers, R.Cobb, J.Wilson]",76,1,1,0,8,4,GB,Q1 14:54,False,OWN 20,10
2013,2,1:00,9/15/2013,(14:12) A.Rodgers pass deep right to R.Cobb to WAS 50 for 21 yards (J.Wilson).,3,0,1,True,,1,1,17,1,0,21,"[A.Rodgers, R.Cobb, J.Wilson]",123,1,1,0,4,21,GB,Q1 14:12,False,OWN 29,1
2013,2,1:00,9/15/2013,"(13:39) (No Huddle, Shotgun) A.Rodgers pass short left to J.Jones to WAS 47 for 3 yards (B.Orakpo).",1,0,0,True,,1,1,-2,0,0,3,"[B.Orakpo, A.Rodgers, J.Jones]",147,1,1,0,5,3,GB,Q1 13:39,False,MIDFIELD,10
2013,2,1:00,9/15/2013,(12:43) A.Rodgers pass short right to J.Jones pushed ob at WAS 28 for 9 yards (J.Wilson).,1,0,0,True,,1,1,-2,0,0,9,"[A.Rodgers, J.Wilson, J.Jones]",195,1,1,0,11,9,GB,Q1 12:43,False,OPP 37,10
2013,2,1:00,9/15/2013,(11:29) (Shotgun) A.Rodgers pass short left to R.Cobb ran ob at WAS 18 for 17 yards (B.Meriweather).,1,0,0,True,,1,1,1,0,0,17,"[A.Rodgers, R.Cobb, B.Meriweather]",273,1,1,0,16,17,GB,Q1 11:29,False,OPP 35,20
2013,2,1:00,9/15/2013,(10:23) (Shotgun) A.Rodgers pass short left to J.Jones pushed ob at WAS 9 for 8 yards (B.Rambo).,3,0,1,True,,1,1,6,1,0,8,"[A.Rodgers, B.Rambo, J.Jones]",318,1,1,0,2,8,GB,Q1 10:23,False,OPP 17,2
2013,2,1:00,9/15/2013,(9:54) (Shotgun) A.Rodgers sacked at WAS 18 for -9 yards (R.Kerrigan).,1,0,0,True,,0,0,0,0,0,0,"[A.Rodgers, R.Kerrigan]",342,0,0,0,0,0,GB,Q1 09:54,False,OPP 9,9
2013,2,1:00,9/15/2013,(9:15) (Shotgun) A.Rodgers sacked at WAS 24 for -6 yards (R.Kerrigan).,2,0,0,True,,0,0,0,0,0,0,"[A.Rodgers, R.Kerrigan]",361,0,0,0,0,0,GB,Q1 09:15,False,OPP 18,18
2013,2,1:00,9/15/2013,"(8:40) (No Huddle, Shotgun) A.Rodgers pass short right to J.Finley to WAS 10 for 14 yards (D.Hall).",3,0,0,True,,1,1,6,0,0,14,"[D.Hall, J.Finley, A.Rodgers]",380,1,1,0,8,14,GB,Q1 08:40,False,OPP 24,24
2013,2,1:00,9/15/2013,(6:06) (Shotgun) A.Rodgers sacked at GB 23 for -12 yards (B.Orakpo).,1,2,0,True,,0,0,0,0,0,0,"[B.Orakpo, A.Rodgers]",546,0,0,0,0,0,GB,Q1 06:06,False,OWN 35,10
2013,2,1:00,9/15/2013,(5:29) (Shotgun) A.Rodgers pass short left to J.Starks ran ob at GB 29 for 6 yards (B.Rambo).,2,2,0,True,,1,1,2,0,0,6,"[A.Rodgers, B.Rambo, J.Starks]",570,1,1,0,4,6,GB,Q1 05:29,False,OWN 23,22
2013,2,1:00,9/15/2013,(4:50) (Shotgun) A.Rodgers pass short middle to J.Jones to GB 38 for 14 yards (B.Meriweather; L.Fletcher).,3,2,0,True,,1,1,14,0,0,14,"[L.Fletcher, J.Jones, A.Rodgers, B.Meriweather]",617,1,1,0,0,14,GB,Q1 04:50,False,OWN 24,21
2013,2,1:00,9/15/2013,(3:08) A.Rodgers pass short left to J.Finley pushed ob at WAS 35 for 7 yards (P.Riley).,1,4,0,True,,1,1,1,0,0,7,"[P.Riley, J.Finley, A.Rodgers]",775,1,1,0,6,7,GB,Q1 03:08,False,OPP 42,10
2013,2,1:00,9/15/2013,(2:43) (Shotgun) A.Rodgers pass incomplete short right to A.Quarless.,2,4,0,True,,1,0,0,0,0,0,"[A.Quarless, A.Rodgers]",799,0,1,0,0,0,GB,Q1 02:43,False,OPP 35,3
2013,2,1:00,9/15/2013,(2:39) A.Rodgers pass incomplete short right to J.Starks.,3,4,0,True,,1,0,0,0,0,0,"[A.Rodgers, J.Starks]",821,0,1,0,0,0,GB,Q1 02:39,False,OPP 35,3
2013,2,1:00,9/15/2013,"(2:34) (No Huddle, Shotgun) A.Rodgers pass short middle to R.Cobb for 35 yards, TOUCHDOWN.",4,4,1,True,TD,1,1,8,1,1,35,"[A.Rodgers, R.Cobb]",843,1,1,1,27,35,GB,Q1 02:34,True,OPP 35,3
2013,2,1:00,9/15/2013,(14:53) (Shotgun) A.Rodgers pass short left to J.Starks to GB 31 for 6 yards (B.Orakpo).,1,6,0,True,,1,1,-6,0,0,6,"[B.Orakpo, A.Rodgers, J.Starks]",1042,1,1,0,12,6,GB,Q2 14:53,False,OWN 25,10
2013,2,1:00,9/15/2013,"(14:09) (Shotgun) A.Rodgers pass deep middle to J.Jones to WAS 22 for 27 yards (D.Amerson, B.Rambo).",1,6,1,True,,1,1,24,1,0,27,"[D.Amerson, B.Rambo, A.Rodgers, J.Jones]",1090,1,1,0,3,27,GB,Q2 14:09,False,OPP 49,10
2013,2,1:00,9/15/2013,"(13:30) (No Huddle, Shotgun) A.Rodgers pass short middle to J.Starks to WAS 13 for 9 yards (P.Merling).",1,6,0,True,,1,1,2,0,0,9,"[P.Merling, A.Rodgers, J.Starks]",1114,1,1,0,7,9,GB,Q2 13:30,False,OPP 22,10
2013,2,1:00,9/15/2013,(12:22) (Shotgun) A.Rodgers pass short right to J.Finley to WAS 14 for 6 yards (D.Hall; R.Doughty).,1,6,0,True,,1,1,1,0,0,6,"[D.Hall, J.Finley, A.Rodgers, R.Doughty]",1190,1,1,0,5,6,GB,Q2 12:22,False,OPP 20,20
2013,2,1:00,9/15/2013,"(11:49) (No Huddle, Shotgun) A.Rodgers pass incomplete short left to R.Cobb.",2,6,0,True,,1,0,0,0,0,0,"[A.Rodgers, R.Cobb]",1214,0,1,0,0,0,GB,Q2 11:49,False,OPP 14,14
2013,2,1:00,9/15/2013,"(11:44) (Shotgun) A.Rodgers pass short middle to J.Nelson for 14 yards, TOUCHDOWN.",3,6,1,True,TD,1,1,12,1,1,14,"[A.Rodgers, J.Nelson]",1236,1,1,1,2,14,GB,Q2 11:44,True,OPP 14,14
2013,2,1:00,9/15/2013,(9:31) (No Huddle) A.Rodgers pass deep left to J.Jones to WAS 19 for 57 yards (D.Amerson).,1,8,1,True,,1,1,21,1,0,57,"[D.Amerson, A.Rodgers, J.Jones]",1418,1,1,0,36,57,GB,Q2 09:31,False,OWN 24,10
2013,2,1:00,9/15/2013,"(7:51) (No Huddle, Shotgun) A.Rodgers pass short left to R.Cobb to WAS 3 for 4 yards (J.Wilson).",1,8,0,True,,1,1,1,0,0,4,"[A.Rodgers, R.Cobb, J.Wilson]",1487,1,1,0,3,4,GB,Q2 07:51,False,OPP 7,7
2013,2,1:00,9/15/2013,"(7:13) (No Huddle, Shotgun) A.Rodgers pass short right to J.Finley for 3 yards, TOUCHDOWN [B.Orakpo].",2,8,1,True,TD,1,1,3,1,1,3,"[B.Orakpo, J.Finley, A.Rodgers]",1515,1,1,1,0,3,GB,Q2 07:13,True,OPP 3,3
2013,2,1:00,9/15/2013,(2:56) (Shotgun) A.Rodgers pass short right to J.Jones to GB 31 for 5 yards (D.Hall; R.Doughty).,1,10,0,True,,1,1,4,0,0,5,"[D.Hall, J.Jones, A.Rodgers, R.Doughty]",1765,1,1,0,1,5,GB,Q2 02:56,False,OWN 26,10
2013,2,1:00,9/15/2013,"(2:25) (No Huddle, Shotgun) A.Rodgers pass short right to A.Quarless pushed ob at GB 38 for 7 yards (D.Hall).",2,10,1,True,,1,1,2,1,0,7,"[A.Quarless, A.Rodgers, D.Hall]",1789,1,1,0,5,7,GB,Q2 02:25,False,OWN 31,5
2013,2,1:00,9/15/2013,"(1:34) (No Huddle, Shotgun) A.Rodgers pass short middle to J.Starks to WAS 45 for 15 yards (R.Doughty).",2,10,1,True,,1,1,-4,1,0,15,"[J.Starks, A.Rodgers, R.Doughty]",1851,1,1,0,19,15,GB,Q2 01:34,False,OWN 40,8
2013,2,1:00,9/15/2013,"(1:07) (No Huddle, Shotgun) A.Rodgers pass short middle to R.Cobb to WAS 35 for 10 yards (R.Kerrigan).",1,10,1,True,,1,1,8,1,0,10,"[R.Kerrigan, R.Cobb, A.Rodgers]",1875,1,1,0,2,10,GB,Q2 01:07,False,OPP 45,10
2013,2,1:00,9/15/2013,(:55) (Shotgun) A.Rodgers pass incomplete deep left to J.Jones [J.Wilson].,1,10,0,True,,1,0,0,0,0,0,"[A.Rodgers, J.Wilson, J.Jones]",1916,0,1,0,0,0,GB,Q2 00:55,False,OPP 35,10
2013,2,1:00,9/15/2013,(:50) (Shotgun) A.Rodgers pass short left to J.Jones to WAS 15 for 20 yards (D.Amerson).,2,10,1,True,,1,1,1,1,0,20,"[D.Amerson, A.Rodgers, J.Jones]",1938,1,1,0,19,20,GB,Q2 00:50,False,OPP 35,10
2013,2,1:00,9/15/2013,"(:20) (No Huddle, Shotgun) A.Rodgers pass short right to R.Cobb to WAS 10 for 5 yards (R.Doughty).",1,10,0,True,,1,1,5,0,0,5,"[A.Rodgers, R.Cobb, R.Doughty]",1962,1,1,0,0,5,GB,Q2 00:20,False,OPP 15,10
2013,2,1:00,9/15/2013,"(:15) (Shotgun) A.Rodgers pass short right to J.Jones to WAS 1 for 9 yards (D.Hall). FUMBLES (D.Hall), ball out of bounds in End Zone, Touchback.",2,10,0,True,FUMBLE,1,1,5,0,0,9,"[D.Hall, A.Rodgers, J.Jones]",2003,1,1,0,4,9,GB,Q2 00:15,False,OPP 10,5
2013,2,1:00,9/15/2013,(12:48) (Shotgun) A.Rodgers pass incomplete short left to A.Quarless.,2,13,0,True,,1,0,0,0,0,0,"[A.Quarless, A.Rodgers]",2231,0,1,0,0,0,GB,Q3 12:48,False,OWN 25,10
2013,2,1:00,9/15/2013,(12:45) (Shotgun) A.Rodgers sacked at GB 13 for -12 yards (J.Wilson).,3,13,0,True,,0,0,0,0,0,0,"[A.Rodgers, J.Wilson]",2253,0,0,0,0,0,GB,Q3 12:45,False,OWN 25,10
2013,2,1:00,9/15/2013,(10:09) A.Rodgers pass short left to J.Finley to WAS 33 for 27 yards (R.Doughty; K.Golston).,1,15,1,True,,1,1,0,1,0,27,"[K.Golston, J.Finley, A.Rodgers, R.Doughty]",2465,1,1,0,27,27,GB,Q3 10:09,False,OWN 40,10
2013,2,1:00,9/15/2013,"(8:20) (No Huddle, Shotgun) A.Rodgers pass short right to J.Nelson for 15 yards, TOUCHDOWN.",1,15,1,True,TD,1,1,15,1,1,15,"[A.Rodgers, J.Nelson]",2531,1,1,1,0,15,GB,Q3 08:20,True,OPP 15,10
2013,2,1:00,9/15/2013,(3:35) A.Rodgers pass incomplete short left.,1,17,0,True,,1,0,0,0,0,0,[A.Rodgers],2877,0,0,0,0,0,GB,Q3 03:35,False,OWN 31,10
2013,2,1:00,9/15/2013,"(3:32) (No Huddle) A.Rodgers pass deep left to J.Nelson to WAS 32 for 37 yards (D.Amerson). Penalty on WAS-D.Amerson, Defensive Pass Interference, declined.",2,17,1,True,,1,1,29,1,0,37,"[D.Amerson, A.Rodgers, J.Nelson]",2899,1,1,0,8,37,GB,Q3 03:32,False,OWN 31,10
2013,2,1:00,9/15/2013,(9:25) (Shotgun) A.Rodgers pass incomplete short left to J.Finley.,3,19,0,True,,1,0,0,0,0,0,"[J.Finley, A.Rodgers]",3479,0,1,0,0,0,GB,Q4 09:25,False,OWN 22,5
2013,2,1:00,9/15/2013,(7:21) (Shotgun) A.Rodgers pass short left to J.Jones to GB 26 for 12 yards (D.Amerson).,3,21,1,True,,1,1,12,1,0,12,"[D.Amerson, A.Rodgers, J.Jones]",3821,1,1,0,0,12,GB,Q4 07:21,False,OWN 14,9
2013,2,1:00,9/15/2013,(6:40) A.Rodgers pass short left to J.Finley to GB 34 for 8 yards (L.Fletcher).,1,21,0,True,,1,1,1,0,0,8,"[L.Fletcher, J.Finley, A.Rodgers]",3845,1,1,0,7,8,GB,Q4 06:40,False,OWN 26,10
2013,2,1:00,9/15/2013,(6:33) (Shotgun) A.Rodgers pass short middle to R.Cobb to WAS 48 for 18 yards (B.Rambo).,2,21,1,True,,1,1,9,1,0,18,"[A.Rodgers, B.Rambo, R.Cobb]",3886,1,1,0,9,18,GB,Q4 06:33,False,OWN 34,2
2013,2,1:00,9/15/2013,(5:51) (Shotgun) A.Rodgers pass short middle to R.Cobb to WAS 34 for 14 yards (B.Rambo).,1,21,1,True,,1,1,4,1,0,14,"[A.Rodgers, B.Rambo, R.Cobb]",3910,1,1,0,10,14,GB,Q4 05:51,False,OPP 48,10
2013,2,1:00,9/15/2013,(4:18) (Shotgun) A.Rodgers pass short right to J.Jones to WAS 23 for 14 yards (D.Hall).,2,21,1,True,,1,1,7,1,0,14,"[D.Hall, J.Jones, A.Rodgers]",3955,1,1,0,7,14,GB,Q4 04:18,False,OPP 37,13
2013,2,1:00,9/15/2013,(2:00) A.Rodgers kneels to WAS 11 for -1 yards.,1,21,0,True,,0,0,0,0,0,0,[A.Rodgers],4038,0,0,0,0,0,GB,Q4 02:00,False,OPP 10,10
2013,2,1:00,9/15/2013,(1:17) A.Rodgers kneels to WAS 12 for -1 yards.,2,21,0,True,,0,0,0,0,0,0,[A.Rodgers],4059,0,0,0,0,0,GB,Q4 01:17,False,OPP 11,11
2013,2,1:00,9/15/2013,(:37) A.Rodgers kneels to WAS 13 for -1 yards.,3,21,0,True,,0,0,0,0,0,0,[A.Rodgers],4080,0,0,0,0,0,GB,Q4 00:37,False,OPP 12,12
2013,3,1:00,9/22/2013,(8:40) (Shotgun) A.Rodgers pass incomplete short left to R.Cobb (L.Hall).,1,2,0,False,,1,0,0,0,0,0,"[A.Rodgers, L.Hall, R.Cobb]",405,0,1,0,0,0,GB,Q1 08:40,False,OWN 33,10
2013,3,1:00,9/22/2013,(8:36) A.Rodgers pass deep right to J.Nelson to CIN 45 for 22 yards (T.Newman) [M.Johnson].,2,2,1,False,,1,1,22,1,0,22,"[M.Johnson, T.Newman, A.Rodgers, J.Nelson]",427,1,1,0,0,22,GB,Q1 08:36,False,OWN 33,10
2013,3,1:00,9/22/2013,(7:32) (Shotgun) A.Rodgers pass short left to R.Cobb to CIN 46 for 3 yards (A.Jones).,2,2,0,False,,1,1,1,0,0,3,"[A.Rodgers, R.Cobb, A.Jones]",472,1,1,0,2,3,GB,Q1 07:32,False,OPP 49,14
2013,3,1:00,9/22/2013,(6:57) (Shotgun) A.Rodgers pass incomplete deep middle to J.Finley (G.Iloka). GB-J.Finley was injured during the play.,3,2,0,False,,1,0,0,0,0,0,"[J.Finley, G.Iloka, A.Rodgers]",496,0,1,0,0,0,GB,Q1 06:57,False,OPP 46,11
2013,3,1:00,9/22/2013,(4:42) (Shotgun) A.Rodgers pass incomplete short right to J.Nelson.,2,4,0,False,,1,0,0,0,0,0,"[A.Rodgers, J.Nelson]",660,0,1,0,0,0,GB,Q1 04:42,False,OWN 45,7
2013,3,1:00,9/22/2013,(4:36) (Shotgun) A.Rodgers sacked at GB 40 for -5 yards (M.Johnson).,3,4,0,False,,0,0,0,0,0,0,"[M.Johnson, A.Rodgers]",682,0,0,0,0,0,GB,Q1 04:36,False,OWN 45,7
2013,3,1:00,9/22/2013,(:43) A.Rodgers pass incomplete short middle to A.Quarless.,1,6,0,False,,1,0,0,0,0,0,"[A.Quarless, A.Rodgers]",897,0,1,0,0,0,GB,Q1 00:43,False,OPP 26,10
2013,3,1:00,9/22/2013,(:04) (Shotgun) A.Rodgers pass incomplete deep left to R.Cobb.,3,6,0,False,,1,0,0,0,0,0,"[A.Rodgers, R.Cobb]",940,0,1,0,0,0,GB,Q1 00:04,False,OPP 23,7
2013,3,1:00,9/22/2013,(13:32) (Shotgun) A.Rodgers pass incomplete short right to A.Quarless.,2,8,0,False,,1,0,0,0,0,0,"[A.Quarless, A.Rodgers]",1101,0,1,0,0,0,GB,Q2 13:32,False,OPP 34,7
2013,3,1:00,9/22/2013,(13:21) (Shotgun) A.Rodgers sacked at GB 48 for -8 yards (sack split by M.Johnson and W.Gilberry).,3,8,0,False,,0,0,0,0,0,0,"[M.Johnson, A.Rodgers, W.Gilberry]",1167,0,0,0,0,0,GB,Q2 13:21,False,OPP 44,17
2013,3,1:00,9/22/2013,(7:41) A.Rodgers pass incomplete short right [C.Dunlap]. {thrown away},1,11,0,False,,1,0,0,0,0,0,"[A.Rodgers, C.Dunlap]",1530,0,0,0,0,0,GB,Q2 07:41,False,OPP 5,5
2013,3,1:00,9/22/2013,(6:50) (Shotgun) A.Rodgers scrambles right end pushed ob at CIN 1 for 2 yards (L.Hall; R.Nelson).,3,11,0,False,,0,0,0,0,0,0,"[R.Nelson, A.Rodgers, L.Hall]",1577,0,0,0,0,0,GB,Q2 06:50,False,OPP 3,3
2013,3,1:00,9/22/2013,"(4:37) (Shotgun) A.Rodgers pass short middle to J.Jones to GB 44 for 13 yards (V.Burfict). PENALTY on CIN-V.Burfict, Unnecessary Roughness, 15 yards, enforced at GB 44.",3,13,2,False,PENALTY,1,1,9,1,0,13,"[J.Jones, A.Rodgers, V.Burfict]",1771,1,1,0,4,13,GB,Q2 04:37,False,OWN 31,1
2013,3,1:00,9/22/2013,(4:15) (Shotgun) A.Rodgers pass short left to R.Taylor to CIN 38 for 3 yards (L.Hall).,1,13,0,False,,1,1,0,0,0,3,"[A.Rodgers, L.Hall, R.Taylor]",1806,1,1,0,3,3,GB,Q2 04:15,False,OPP 41,10
2013,3,1:00,9/22/2013,(3:04) (Shotgun) A.Rodgers pass short right to A.Quarless to CIN 17 for 10 yards (V.Burfict).,1,13,1,False,,1,1,6,1,0,10,"[A.Quarless, A.Rodgers, V.Burfict]",1851,1,1,0,4,10,GB,Q2 03:04,False,OPP 27,10
2013,3,1:00,9/22/2013,(2:34) (Shotgun) A.Rodgers pass short right to J.Jones to CIN 8 for 9 yards (V.Burfict).,1,13,0,False,,1,1,4,0,0,9,"[J.Jones, A.Rodgers, V.Burfict]",1875,1,1,0,5,9,GB,Q2 02:34,False,OPP 17,10
2013,3,1:00,9/22/2013,(1:18) (Shotgun) A.Rodgers sacked at CIN 12 for -8 yards (C.Dunlap).,2,13,0,False,,0,0,0,0,0,0,"[A.Rodgers, C.Dunlap]",1958,0,0,0,0,0,GB,Q2 01:18,False,OPP 4,4
2013,3,1:00,9/22/2013,(:30) (Shotgun) A.Rodgers pass short right to J.Nelson to CIN 8 for 4 yards (T.Newman).,3,13,0,False,,1,1,0,0,0,4,"[T.Newman, A.Rodgers, J.Nelson]",1994,1,1,0,4,4,GB,Q2 00:30,False,OPP 12,12
2013,3,1:00,9/22/2013,(15:00) (Shotgun) A.Rodgers pass deep middle to R.Cobb to GB 46 for 26 yards (G.Iloka).,1,14,1,False,,1,1,26,1,0,26,"[G.Iloka, R.Cobb, A.Rodgers]",2116,1,1,0,0,26,GB,Q3 15:00,False,OWN 20,10
2013,3,1:00,9/22/2013,(14:29) (Shotgun) A.Rodgers pass short left to J.Nelson pushed ob at CIN 47 for 7 yards (A.Jones).,1,14,0,False,,1,1,0,0,0,7,"[J.Nelson, A.Rodgers, A.Jones]",2140,1,1,0,7,7,GB,Q3 14:29,False,OWN 46,10
2013,3,1:00,9/22/2013,(13:31) (Shotgun) A.Rodgers pass incomplete short middle to R.Cobb (L.Hall).,1,14,0,False,,1,0,0,0,0,0,"[A.Rodgers, L.Hall, R.Cobb]",2185,0,1,0,0,0,GB,Q3 13:31,False,OPP 42,10
2013,3,1:00,9/22/2013,(13:27) (Shotgun) A.Rodgers pass incomplete short left to R.Taylor.,2,14,0,False,,1,0,0,0,0,0,"[A.Rodgers, R.Taylor]",2207,0,1,0,0,0,GB,Q3 13:27,False,OPP 42,10
2013,3,1:00,9/22/2013,(12:19) (Shotgun) A.Rodgers pass short left to J.Franklin to CIN 2 for 7 yards (V.Burfict).,1,14,0,False,,1,1,1,0,0,7,"[J.Franklin, A.Rodgers, V.Burfict]",2337,1,1,0,6,7,GB,Q3 12:19,False,OPP 9,9
2013,3,1:00,9/22/2013,(7:18) (Shotgun) A.Rodgers pass short left to J.Jones to GB 13 for 5 yards (A.Jones).,1,16,0,False,,1,1,4,0,0,5,"[J.Jones, A.Rodgers, A.Jones]",2636,1,1,0,1,5,GB,Q3 07:18,False,OWN 8,10
2013,3,1:00,9/22/2013,(6:16) (Shotgun) A.Rodgers pass deep right to J.Nelson ran ob at CIN 6 for 30 yards.,1,16,1,False,,1,1,30,1,0,30,"[A.Rodgers, J.Nelson]",2681,1,1,0,0,30,GB,Q3 06:16,False,OPP 36,10
2013,3,1:00,9/22/2013,"(5:36) A.Rodgers pass short left to J.Jones for 7 yards, TOUCHDOWN [M.Johnson]. Penalty on CIN-J.Harrison, Defensive Offside, declined.",2,16,1,False,TD,1,1,7,1,1,7,"[M.Johnson, A.Rodgers, J.Jones]",2731,1,1,1,0,7,GB,Q3 05:36,True,OPP 7,7
2013,3,1:00,9/22/2013,(3:19) (Shotgun) A.Rodgers pass incomplete deep right to J.Jones.,2,18,0,False,,1,0,0,0,0,0,"[A.Rodgers, J.Jones]",2991,0,1,0,0,0,GB,Q3 03:19,False,OWN 47,3
2013,3,1:00,9/22/2013,(3:10) (Shotgun) A.Rodgers pass short middle intended for J.Jones INTERCEPTED by T.Newman at CIN 45. T.Newman to GB 46 for 9 yards (J.Boykin).,3,18,0,False,INT,1,0,0,0,0,0,"[J.Boykin, T.Newman, A.Rodgers, J.Jones]",3017,0,1,0,0,0,GB,Q3 03:10,False,OWN 47,3
2013,3,1:00,9/22/2013,(:27) A.Rodgers scrambles left end ran ob at CIN 40 for 18 yards (R.Maualuga).,1,20,1,False,,0,0,0,0,0,0,"[A.Rodgers, R.Maualuga]",3170,0,0,0,0,0,GB,Q3 00:27,False,OWN 42,10
2013,3,1:00,9/22/2013,(15:00) (Shotgun) A.Rodgers pass short right to R.Cobb to CIN 33 for 7 yards (M.Johnson).,1,20,0,False,,1,1,-2,0,0,7,"[M.Johnson, A.Rodgers, R.Cobb]",3207,1,1,0,9,7,GB,Q4 15:00,False,OPP 40,10
2013,3,1:00,9/22/2013,(14:29) A.Rodgers pass short middle to J.Franklin to CIN 27 for 6 yards (R.Maualuga).,2,20,1,False,,1,1,0,1,0,6,"[J.Franklin, A.Rodgers, R.Maualuga]",3231,1,1,0,6,6,GB,Q4 14:29,False,OPP 33,3
2013,3,1:00,9/22/2013,(13:48) (Shotgun) A.Rodgers pass deep right intended for R.Cobb INTERCEPTED by L.Hall at CIN 5. L.Hall to CIN 5 for no gain (R.Cobb).,1,20,0,False,INT,1,0,0,0,0,0,"[A.Rodgers, L.Hall, R.Cobb]",3255,0,1,0,0,0,GB,Q4 13:48,False,OPP 27,10
2013,3,1:00,9/22/2013,(9:24) A.Rodgers scrambles right guard to GB 40 for 4 yards (W.Gilberry).,2,22,0,False,,0,0,0,0,0,0,"[A.Rodgers, W.Gilberry]",3549,0,0,0,0,0,GB,Q4 09:24,False,OWN 36,7
2013,3,1:00,9/22/2013,(8:48) (Shotgun) A.Rodgers pass short left to J.Franklin to 50 for 10 yards (A.Jones).,3,22,1,False,,1,1,0,1,0,10,"[J.Franklin, A.Rodgers, A.Jones]",3570,1,1,0,10,10,GB,Q4 08:48,False,OWN 40,3
2013,3,1:00,9/22/2013,(8:14) A.Rodgers pass short right to A.Quarless to CIN 46 for 4 yards (R.Maualuga).,1,22,0,False,,1,1,1,0,0,4,"[A.Quarless, A.Rodgers, R.Maualuga]",3594,1,1,0,3,4,GB,Q4 08:14,False,MIDFIELD,10
2013,3,1:00,9/22/2013,(7:31) (Shotgun) A.Rodgers pass short right to J.Nelson to CIN 44 for 2 yards (T.Newman).,2,22,0,False,,1,1,0,0,0,2,"[A.Rodgers, T.Newman, J.Nelson]",3622,1,1,0,2,2,GB,Q4 07:31,False,OPP 46,6
2013,3,1:00,9/22/2013,(6:47) (Shotgun) A.Rodgers pass short right to J.Nelson to CIN 39 for 5 yards (T.Newman).,3,22,1,False,,1,1,0,1,0,5,"[T.Newman, A.Rodgers, J.Nelson]",3646,1,1,0,5,5,GB,Q4 06:47,False,OPP 44,4
2013,3,1:00,9/22/2013,"(5:14) A.Rodgers sacked at CIN 41 for -6 yards (D.Peko, C.Dunlap).",2,22,0,False,,0,0,0,0,0,0,"[A.Rodgers, C.Dunlap, D.Peko]",3708,0,0,0,0,0,GB,Q4 05:14,False,OPP 35,6
2013,3,1:00,9/22/2013,"(4:34) (Shotgun) A.Rodgers pass short right to R.Cobb to CIN 29 for 12 yards (L.Hall). Cincinnati challenged the runner was down by contact ruling, and the play was REVERSED. (Shotgun) A.Rodgers pass short right to R.Cobb to CIN 30 for 11 yards (L.Hall).",3,22,0,False,,1,1,0,0,0,11,"[A.Rodgers, L.Hall, R.Cobb]",3727,1,1,0,11,11,GB,Q4 04:34,False,OPP 41,12
2013,3,1:00,9/22/2013,(3:47) (Shotgun) A.Rodgers pass short right to R.Cobb to GB 27 for 7 yards (T.Mays).,1,23,0,False,,1,1,7,0,0,7,"[A.Rodgers, T.Mays, R.Cobb]",3864,1,1,0,0,7,GB,Q4 03:47,False,OWN 20,10
2013,3,1:00,9/22/2013,(2:50) (Shotgun) A.Rodgers pass short right to A.Quarless to GB 39 for 7 yards (V.Burfict).,1,23,0,False,,1,1,3,0,0,7,"[A.Quarless, A.Rodgers, V.Burfict]",3909,1,1,0,4,7,GB,Q4 02:50,False,OWN 32,10
2013,3,1:00,9/22/2013,(2:21) (Shotgun) A.Rodgers pass short right to R.Taylor pushed ob at GB 47 for 8 yards (C.Dunlap).,2,23,1,False,,1,1,0,1,0,8,"[C.Dunlap, A.Rodgers, R.Taylor]",3933,1,1,0,8,8,GB,Q4 02:21,False,OWN 39,3
2013,3,1:00,9/22/2013,(2:00) (Shotgun) A.Rodgers pass incomplete short right to R.Cobb (C.Dunlap). {knocked down at the line of scrimmage},2,23,0,False,,1,0,0,0,0,0,"[A.Rodgers, C.Dunlap, R.Cobb]",3995,0,1,0,0,0,GB,Q4 02:00,False,OWN 49,8
2013,3,1:00,9/22/2013,(1:56) (Shotgun) A.Rodgers pass short right to J.Ross to CIN 43 for 8 yards (V.Burfict).,3,23,1,False,,1,1,0,1,0,8,"[J.Ross, A.Rodgers, V.Burfict]",4021,1,1,0,8,8,GB,Q4 01:56,False,OWN 49,8
2013,3,1:00,9/22/2013,(1:50) (Shotgun) A.Rodgers pass incomplete short left to J.Ross.,1,23,0,False,,1,0,0,0,0,0,"[J.Ross, A.Rodgers]",4056,0,1,0,0,0,GB,Q4 01:50,False,OPP 43,10
2013,3,1:00,9/22/2013,(1:46) (Shotgun) A.Rodgers pass deep right to J.Nelson pushed ob at CIN 25 for 18 yards (T.Newman).,2,23,1,False,,1,1,18,1,0,18,"[T.Newman, A.Rodgers, J.Nelson]",4078,1,1,0,0,18,GB,Q4 01:46,False,OPP 43,10
2013,3,1:00,9/22/2013,(1:40) (Shotgun) A.Rodgers pass incomplete deep left to J.Jones.,1,23,0,False,,1,0,0,0,0,0,"[A.Rodgers, J.Jones]",4107,0,1,0,0,0,GB,Q4 01:40,False,OPP 25,10
2013,3,1:00,9/22/2013,(1:34) (Shotgun) A.Rodgers pass short left to J.Nelson pushed ob at CIN 20 for 5 yards (T.Mays).,2,23,0,False,,1,1,1,0,0,5,"[A.Rodgers, T.Mays, J.Nelson]",4129,1,1,0,4,5,GB,Q4 01:34,False,OPP 25,10
2013,3,1:00,9/22/2013,(1:29) (Shotgun) A.Rodgers pass incomplete short right to R.Cobb (C.Dunlap). {knocked down at the line of scrimmage},3,23,0,False,,1,0,0,0,0,0,"[C.Dunlap, R.Cobb, A.Rodgers]",4153,0,1,0,0,0,GB,Q4 01:29,False,OPP 20,5
2013,3,1:00,9/22/2013,(1:25) (Shotgun) A.Rodgers pass incomplete short left to J.Jones (M.Johnson). {tipped at the line of scrimmage},4,23,0,False,,1,0,0,0,0,0,"[M.Johnson, A.Rodgers, J.Jones]",4217,0,1,0,0,0,GB,Q4 01:25,False,OPP 20,5
2013,5,1:00,10/6/2013,(9:14) (Shotgun) A.Rodgers pass short middle to R.Cobb to GB 31 for 11 yards (G.Quin).,1,1,1,True,,1,1,5,1,0,11,"[G.Quin, A.Rodgers, R.Cobb]",276,1,1,0,6,11,GB,Q1 09:14,False,OWN 20,10
2013,5,1:00,10/6/2013,(7:17) A.Rodgers pass short right to R.Cobb to GB 41 for -3 yards (D.Bentley).,1,1,0,True,,1,1,-3,0,0,-3,"[A.Rodgers, D.Bentley, R.Cobb]",400,1,1,0,0,-3,GB,Q1 07:17,False,OWN 44,10
2013,5,1:00,10/6/2013,(5:55) (Shotgun) A.Rodgers pass short right to J.Jones pushed ob at DET 45 for 4 yards (C.Houston).,3,1,1,True,,1,1,4,1,0,4,"[A.Rodgers, C.Houston, J.Jones]",469,1,1,0,0,4,GB,Q1 05:55,False,OPP 49,3
2013,5,1:00,10/6/2013,"(5:32) (No Huddle, Shotgun) A.Rodgers pass short middle to J.Finley to DET 44 for 1 yard (D.Bentley).",1,1,0,True,,1,1,1,0,0,1,"[J.Finley, A.Rodgers, D.Bentley]",504,1,1,0,0,1,GB,Q1 05:32,False,OPP 45,10
2013,5,1:00,10/6/2013,"(4:25) (No Huddle, Shotgun) A.Rodgers pass deep right to R.Cobb to DET 19 for 22 yards (G.Quin).",3,1,1,True,,1,1,22,1,0,22,"[G.Quin, A.Rodgers, R.Cobb]",549,1,1,0,0,22,GB,Q1 04:25,False,OPP 41,6
2013,5,1:00,10/6/2013,"(3:18) (No Huddle, Shotgun) A.Rodgers pass short middle to J.Nelson to DET 4 for 8 yards (R.Mathis).",2,1,1,True,,1,1,7,1,0,8,"[A.Rodgers, R.Mathis, J.Nelson]",594,1,1,0,1,8,GB,Q1 03:18,False,OPP 12,3
2013,5,1:00,10/6/2013,"(2:45) (No Huddle, Shotgun) A.Rodgers sacked at DET 9 for -5 yards (E.Ansah).",1,1,0,True,,0,0,0,0,0,0,"[E.Ansah, A.Rodgers]",619,0,0,0,0,0,GB,Q1 02:45,False,OPP 4,4
2013,5,1:00,10/6/2013,"(2:14) (No Huddle, Shotgun) A.Rodgers pass short left to J.Jones pushed ob at DET 8 for 1 yard (D.Levy).",2,1,0,True,,1,1,-2,0,0,1,"[A.Rodgers, D.Levy, J.Jones]",638,1,1,0,3,1,GB,Q1 02:14,False,OPP 9,9
2013,5,1:00,10/6/2013,"(1:35) (No Huddle, Shotgun) A.Rodgers pass incomplete short right to R.Cobb.",3,1,0,True,,1,0,0,0,0,0,"[A.Rodgers, R.Cobb]",667,0,1,0,0,0,GB,Q1 01:35,False,OPP 8,8
2013,5,1:00,10/6/2013,"(13:30) (No Huddle, Shotgun) A.Rodgers pass short left to J.Finley to DET 46 for 10 yards (D.Levy).",2,3,1,True,,1,1,2,1,0,10,"[J.Finley, A.Rodgers, D.Levy]",936,1,1,0,8,10,GB,Q2 13:30,False,OWN 44,7
2013,5,1:00,10/6/2013,"(12:23) (No Huddle, Shotgun) A.Rodgers pass incomplete short right to R.Cobb.",2,3,0,True,,1,0,0,0,0,0,"[A.Rodgers, R.Cobb]",981,0,1,0,0,0,GB,Q2 12:23,False,OPP 40,4
2013,5,1:00,10/6/2013,"(12:18) (No Huddle, Shotgun) A.Rodgers pass incomplete deep right to J.Jones.",3,3,0,True,,1,0,0,0,0,0,"[A.Rodgers, J.Jones]",1003,0,1,0,0,0,GB,Q2 12:18,False,OPP 40,4
2013,5,1:00,10/6/2013,"(11:34) (No Huddle, Shotgun) A.Rodgers pass incomplete deep middle to R.Taylor.",2,3,0,True,,1,0,0,0,0,0,"[A.Rodgers, R.Taylor]",1079,0,1,0,0,0,GB,Q2 11:34,False,OPP 34,9
2013,5,1:00,10/6/2013,"(11:29) (No Huddle, Shotgun) A.Rodgers pass incomplete deep middle to R.Cobb.",3,3,0,True,,1,0,0,0,0,0,"[A.Rodgers, R.Cobb]",1101,0,1,0,0,0,GB,Q2 11:29,False,OPP 34,9
2013,5,1:00,10/6/2013,(8:52) A.Rodgers scrambles right guard to GB 5 for 1 yard (C.Mosley).,1,5,0,True,,0,0,0,0,0,0,"[C.Mosley, A.Rodgers]",1324,0,0,0,0,0,GB,Q2 08:52,False,OWN 4,10
2013,5,1:00,10/6/2013,(7:36) (Shotgun) A.Rodgers pass short right to J.Nelson to GB 19 for 11 yards (R.Mathis).,3,5,1,True,,1,1,10,1,0,11,"[A.Rodgers, R.Mathis, J.Nelson]",1367,1,1,0,1,11,GB,Q2 07:36,False,OWN 8,6
2013,5,1:00,10/6/2013,"(7:06) (No Huddle, Shotgun) J.Franklin up the middle to GB 18 for -1 yards (E.Ansah). FUMBLES (E.Ansah), recovered by GB-A.Rodgers at GB 12. A.Rodgers to GB 16 for 4 yards (D.Levy).",1,5,0,True,FUMBLE,0,0,0,0,0,0,"[E.Ansah, J.Franklin, A.Rodgers, D.Levy]",1391,0,0,0,0,0,GB,Q2 07:06,False,OWN 19,10
2013,5,1:00,10/6/2013,"(6:34) (No Huddle, Shotgun) A.Rodgers pass short right to E.Lacy to GB 14 for -2 yards (D.Levy).",2,5,0,True,,1,1,-2,0,0,-2,"[A.Rodgers, D.Levy, E.Lacy]",1423,1,1,0,0,-2,GB,Q2 06:34,False,OWN 16,13
2013,5,1:00,10/6/2013,"(5:53) (No Huddle, Shotgun) A.Rodgers pass deep right to J.Nelson to GB 39 for 25 yards (G.Quin).",3,5,1,True,,1,1,25,1,0,25,"[G.Quin, A.Rodgers, J.Nelson]",1447,1,1,0,0,25,GB,Q2 05:53,False,OWN 14,15
2013,5,1:00,10/6/2013,(3:59) (Shotgun) A.Rodgers pass incomplete short left to R.Cobb (D.Levy).,3,5,0,True,,1,0,0,0,0,0,"[A.Rodgers, D.Levy, R.Cobb]",1514,0,1,0,0,0,GB,Q2 03:59,False,OWN 48,1
2013,5,1:00,10/6/2013,"(14:28) (No Huddle, Shotgun) A.Rodgers pass short left to J.Finley to GB 36 for 7 yards (L.Delmas).",2,8,1,True,,1,1,4,1,0,7,"[J.Finley, A.Rodgers, L.Delmas]",2030,1,1,0,3,7,GB,Q3 14:28,False,OWN 29,1
2013,5,1:00,10/6/2013,"(13:16) (No Huddle, Shotgun) A.Rodgers pass short right to J.Finley to GB 40 for 6 yards (G.Quin).",2,8,0,True,,1,1,-1,0,0,6,"[G.Quin, J.Finley, A.Rodgers]",2098,1,1,0,7,6,GB,Q3 13:16,False,OWN 34,12
2013,5,1:00,10/6/2013,"(12:48) (No Huddle, Shotgun) A.Rodgers pass incomplete short right.",3,8,0,True,,1,0,0,0,0,0,[A.Rodgers],2122,0,0,0,0,0,GB,Q3 12:48,False,OWN 40,6
2013,5,1:00,10/6/2013,"(5:58) (No Huddle, Shotgun) A.Rodgers pass short right to J.Finley to DET 13 for 4 yards (G.Quin).",2,10,0,True,,1,1,-1,0,0,4,"[G.Quin, J.Finley, A.Rodgers]",2444,1,1,0,5,4,GB,Q3 05:58,False,OPP 17,5
2013,5,1:00,10/6/2013,(5:13) A.Rodgers pass incomplete short right to J.Nelson.,3,10,0,True,,1,0,0,0,0,0,"[A.Rodgers, J.Nelson]",2485,0,1,0,0,0,GB,Q3 05:13,False,OPP 13,1
2013,5,1:00,10/6/2013,(3:58) (Shotgun) A.Rodgers pass short right to R.Cobb to GB 17 for 5 yards (D.Levy).,1,12,0,True,,1,1,-2,0,0,5,"[A.Rodgers, D.Levy, R.Cobb]",2677,1,1,0,7,5,GB,Q3 03:58,False,OWN 12,20
2013,5,1:00,10/6/2013,"(3:23) (No Huddle, Shotgun) A.Rodgers pass deep left to J.Jones for 83 yards, TOUCHDOWN.",2,12,1,True,TD,1,1,30,1,1,83,"[A.Rodgers, J.Jones]",2701,1,1,1,53,83,GB,Q3 03:23,True,OWN 17,15
2013,5,1:00,10/6/2013,(14:15) (No Huddle) A.Rodgers pass deep right to J.Nelson ran ob at DET 42 for 31 yards (R.Mathis).,2,14,1,True,,1,1,31,1,0,31,"[A.Rodgers, R.Mathis, J.Nelson]",2973,1,1,0,0,31,GB,Q4 14:15,False,OWN 27,3
2013,5,1:00,10/6/2013,"(13:22) (No Huddle, Shotgun) A.Rodgers up the middle to DET 37 for 2 yards (W.Young).",2,14,0,True,,0,0,0,0,0,0,"[W.Young, A.Rodgers]",3018,0,0,0,0,0,GB,Q4 13:22,False,OPP 39,7
2013,5,1:00,10/6/2013,"(12:39) (No Huddle, Shotgun) A.Rodgers right end to DET 31 for 6 yards (S.Tulloch).",3,14,1,True,,0,0,0,0,0,0,"[S.Tulloch, A.Rodgers]",3039,0,0,0,0,0,GB,Q4 12:39,False,OPP 37,5
2013,5,1:00,10/6/2013,(11:03) (Shotgun) A.Rodgers pass incomplete short right to J.Nelson.,2,14,0,True,,1,0,0,0,0,0,"[A.Rodgers, J.Nelson]",3098,0,1,0,0,0,GB,Q4 11:03,False,OPP 28,7
2013,5,1:00,10/6/2013,"(11:00) (No Huddle, Shotgun) A.Rodgers pass short right to J.Finley to DET 24 for 4 yards (D.Levy).",3,14,0,True,,1,1,2,0,0,4,"[J.Finley, A.Rodgers, D.Levy]",3120,1,1,0,2,4,GB,Q4 11:00,False,OPP 28,7
2013,5,1:00,10/6/2013,(6:22) A.Rodgers pass short right to J.Nelson to GB 37 for 7 yards (R.Mathis).,2,16,0,True,,1,1,5,0,0,7,"[A.Rodgers, R.Mathis, J.Nelson]",3443,1,1,0,2,7,GB,Q4 06:22,False,OWN 30,10
2013,5,1:00,10/6/2013,"(5:39) (No Huddle, Shotgun) A.Rodgers pass deep right to J.Jones to DET 24 for 39 yards (C.Houston). Penalty on DET-C.Houston, Defensive Pass Interference, declined.",3,16,1,True,,1,1,33,1,0,39,"[A.Rodgers, C.Houston, J.Jones]",3467,1,1,0,6,39,GB,Q4 05:39,False,OWN 37,3
2013,5,1:00,10/6/2013,"(5:12) (Shotgun) PENALTY on GB-A.Rodgers, Delay of Game, 5 yards, enforced at DET 24 - No Play.",1,16,0,True,PENALTY,0,0,0,0,0,0,[A.Rodgers],3502,0,0,0,0,0,GB,Q4 05:12,False,OPP 24,10
2013,5,1:00,10/6/2013,"(4:05) A.Rodgers FUMBLES (Aborted) at DET 27, recovered by GB-E.Lacy at DET 27. E.Lacy to DET 27 for no gain (D.Levy).",2,16,0,True,FUMBLE,0,0,0,0,0,0,"[A.Rodgers, D.Levy, E.Lacy]",3546,0,0,0,0,0,GB,Q4 04:05,False,OPP 21,7
2013,5,1:00,10/6/2013,"(3:59) (Shotgun) A.Rodgers pass deep left to J.Jones for 27 yards, TOUCHDOWN. The Replay Assistant challenged the runner was in bounds ruling, and the play was REVERSED. (Shotgun) A.Rodgers pass incomplete deep left to J.Jones.",3,16,0,True,,1,0,0,0,0,0,"[A.Rodgers, J.Jones]",3589,0,1,0,0,0,GB,Q4 03:59,True,OPP 27,13
2013,5,1:00,10/6/2013,(:26) A.Rodgers kneels to DET 40 for -1 yards.,3,18,0,True,,0,0,0,0,0,0,[A.Rodgers],4048,0,0,0,0,0,GB,Q4 00:26,False,OPP 39,7
2013,6,1:00,10/13/2013,"(14:03) (No Huddle, Shotgun) A.Rodgers pass short right to J.Nelson pushed ob at BAL 27 for 6 yards (C.Graham).",1,0,0,False,,1,1,1,0,0,6,"[C.Graham, A.Rodgers, J.Nelson]",96,1,1,0,5,6,GB,Q1 14:03,False,OPP 33,10
2013,6,1:00,10/13/2013,"(13:25) (No Huddle, Shotgun) A.Rodgers pass incomplete short middle to J.Nelson.",2,0,0,False,,1,0,0,0,0,0,"[A.Rodgers, J.Nelson]",120,0,1,0,0,0,GB,Q1 13:25,False,OPP 27,4
2013,6,1:00,10/13/2013,(13:20) (Shotgun) A.Rodgers pass incomplete short right to J.Finley (J.Bynes).,3,0,0,False,,1,0,0,0,0,0,"[J.Finley, J.Bynes, A.Rodgers]",147,0,1,0,0,0,GB,Q1 13:20,False,OPP 27,4
2013,6,1:00,10/13/2013,(10:38) (Shotgun) A.Rodgers pass short right to J.Jones to GB 46 for 10 yards (L.Webb).,2,2,1,False,,1,1,7,1,0,10,"[L.Webb, A.Rodgers, J.Jones]",321,1,1,0,3,10,GB,Q1 10:38,False,OWN 36,8
2013,6,1:00,10/13/2013,(9:40) A.Rodgers sacked at GB 40 for -6 yards (A.Jones).,2,2,0,False,,0,0,0,0,0,0,"[A.Jones, A.Rodgers]",366,0,0,0,0,0,GB,Q1 09:40,False,OWN 46,10
2013,6,1:00,10/13/2013,"(9:00) (No Huddle, Shotgun) A.Rodgers pass short right to E.Lacy to GB 45 for 5 yards (L.Webb; C.Upshaw).",3,2,0,False,,1,1,-1,0,0,5,"[L.Webb, E.Lacy, A.Rodgers, C.Upshaw]",389,1,1,0,6,5,GB,Q1 09:00,False,OWN 40,16
2013,6,1:00,10/13/2013,(5:14) (Shotgun) A.Rodgers pass incomplete short right to J.Nelson. Pressure by No. 51 - Daryl Smith,1,4,0,False,,1,0,0,0,0,0,"[A.Rodgers, J.Nelson]",605,0,1,0,0,0,GB,Q1 05:14,False,OWN 20,10
2013,6,1:00,10/13/2013,"(5:06) (No Huddle, Shotgun) A.Rodgers pass short middle to R.Cobb to GB 38 for 18 yards (M.Elam).",2,4,1,False,,1,1,6,1,0,18,"[M.Elam, A.Rodgers, R.Cobb]",631,1,1,0,12,18,GB,Q1 05:06,False,OWN 20,10
2013,6,1:00,10/13/2013,(4:16) (Shotgun) A.Rodgers pass incomplete deep right to J.Finley.,2,4,0,False,,1,0,0,0,0,0,"[J.Finley, A.Rodgers]",681,0,1,0,0,0,GB,Q1 04:16,False,OWN 46,2
2013,6,1:00,10/13/2013,"(4:08) (No Huddle, Shotgun) A.Rodgers sacked at GB 40 for -6 yards (E.Dumervil). FUMBLES (E.Dumervil), recovered by GB-D.Barclay at GB 40. D.Barclay to GB 40 for no gain (H.Ngata).",3,4,0,False,FUMBLE,0,0,0,0,0,0,"[H.Ngata, E.Dumervil, A.Rodgers, D.Barclay]",703,0,0,0,0,0,GB,Q1 04:08,False,OWN 46,2
2013,6,1:00,10/13/2013,"(1:28) (No Huddle, Shotgun) A.Rodgers pass short middle to J.Franklin to GB 39 for 7 yards (C.Graham; D.Smith).",2,6,0,False,,1,1,1,0,0,7,"[J.Franklin, D.Smith, C.Graham, A.Rodgers]",866,1,1,0,6,7,GB,Q1 01:28,False,OWN 32,8
2013,6,1:00,10/13/2013,"(12:21) (No Huddle, Shotgun) A.Rodgers sacked at GB 6 for -5 yards (E.Dumervil). FUMBLES (E.Dumervil), recovered by GB-J.Boykin at GB 6. J.Boykin to GB 6 for no gain (C.Graham).",2,8,0,False,FUMBLE,0,0,0,0,0,0,"[J.Boykin, C.Graham, A.Rodgers, E.Dumervil]",1141,0,0,0,0,0,GB,Q2 12:21,False,OWN 11,5
2013,6,1:00,10/13/2013,"(11:35) (No Huddle, Shotgun) A.Rodgers pass short right to R.Cobb to GB 19 for 13 yards (D.Smith).",3,8,1,False,,1,1,1,1,0,13,"[D.Smith, A.Rodgers, R.Cobb]",1170,1,1,0,12,13,GB,Q2 11:35,False,OWN 6,10
2013,6,1:00,10/13/2013,(11:09) (No Huddle) A.Rodgers pass incomplete short right to J.Nelson [P.McPhee].,1,8,0,False,,1,0,0,0,0,0,"[A.Rodgers, P.McPhee, J.Nelson]",1194,0,1,0,0,0,GB,Q2 11:09,False,OWN 19,10
2013,6,1:00,10/13/2013,(10:18) (Shotgun) A.Rodgers pass incomplete short right to J.Boykin.,3,8,0,False,,1,0,0,0,0,0,"[J.Boykin, A.Rodgers]",1237,0,1,0,0,0,GB,Q2 10:18,False,OWN 22,7
2013,6,1:00,10/13/2013,(4:36) A.Rodgers pass incomplete short right to J.Boykin.,2,11,0,False,,1,0,0,0,0,0,"[J.Boykin, A.Rodgers]",1674,0,1,0,0,0,GB,Q2 04:36,False,OWN 1,10
2013,6,1:00,10/13/2013,(4:33) (Shotgun) A.Rodgers pass incomplete deep middle to J.Boykin.,3,11,0,False,,1,0,0,0,0,0,"[J.Boykin, A.Rodgers]",1696,0,1,0,0,0,GB,Q2 04:33,False,OWN 1,10
2013,6,1:00,10/13/2013,(3:10) (Shotgun) A.Rodgers pass incomplete short right to J.Boykin.,1,13,0,False,,1,0,0,0,0,0,"[J.Boykin, A.Rodgers]",1843,0,1,0,0,0,GB,Q2 03:10,False,OWN 12,10
2013,6,1:00,10/13/2013,"(2:40) (No Huddle, Shotgun) A.Rodgers pass short left to R.Cobb to GB 13 for 7 yards (J.Ihedigbo; D.Smith).",2,13,0,False,,1,1,0,0,0,7,"[D.Smith, J.Ihedigbo, A.Rodgers, R.Cobb]",1919,1,1,0,7,7,GB,Q2 02:40,False,OWN 6,16
2013,6,1:00,10/13/2013,(2:00) A.Rodgers pass incomplete short right to J.Boykin (P.McPhee).,3,13,0,False,,1,0,0,0,0,0,"[J.Boykin, A.Rodgers, P.McPhee]",1960,0,1,0,0,0,GB,Q2 02:00,False,OWN 13,9
2013,6,1:00,10/13/2013,"(1:17) (No Huddle, Shotgun) A.Rodgers pass deep middle to J.Nelson pushed ob at BAL 17 for 34 yards (J.Smith).",1,15,1,False,,1,1,16,1,0,34,"[J.Smith, A.Rodgers, J.Nelson]",2118,1,1,0,18,34,GB,Q2 01:17,False,OWN 49,10
2013,6,1:00,10/13/2013,"(1:09) (No Huddle, Shotgun) A.Rodgers pass short left to J.Kuhn to BAL 16 for 1 yard (J.Ihedigbo).",1,15,0,False,,1,1,-3,0,0,1,"[J.Kuhn, J.Ihedigbo, A.Rodgers]",2142,1,1,0,4,1,GB,Q2 01:09,False,OPP 17,10
2013,6,1:00,10/13/2013,"(:39) (No Huddle, Shotgun) A.Rodgers pass incomplete short middle to J.Finley (D.Smith).",2,15,0,False,,1,0,0,0,0,0,"[D.Smith, J.Finley, A.Rodgers]",2203,0,1,0,0,0,GB,Q2 00:39,False,OPP 26,19
2013,6,1:00,10/13/2013,"(:34) (Shotgun) A.Rodgers pass short right to R.Cobb to BAL 11 for 15 yards (M.Elam). PENALTY on GB-T.Lang, Personal Foul, 15 yards, enforced between downs.",3,15,0,False,PENALTY,1,1,15,0,0,15,"[M.Elam, T.Lang, A.Rodgers, R.Cobb]",2225,1,1,0,0,15,GB,Q2 00:34,False,OPP 26,19
2013,6,1:00,10/13/2013,(12:54) A.Rodgers pass short left to J.Finley to BAL 30 for 4 yards (M.Elam; J.Smith).,1,19,0,False,,1,1,0,0,0,4,"[J.Smith, M.Elam, J.Finley, A.Rodgers]",2493,1,1,0,4,4,GB,Q3 12:54,False,OPP 34,10
2013,6,1:00,10/13/2013,(11:34) (Shotgun) A.Rodgers pass deep left intended for J.Nelson INTERCEPTED by J.Smith [E.Dumervil] at BAL -5. Touchback.,3,19,0,False,INT,1,0,0,0,0,0,"[J.Smith, A.Rodgers, E.Dumervil, J.Nelson]",2538,0,1,0,0,0,GB,Q3 11:34,False,OPP 28,4
2013,6,1:00,10/13/2013,(8:29) A.Rodgers pass short left to J.Boykin to BAL 25 for 43 yards (M.Elam; D.Smith).,2,21,1,False,,1,1,-2,1,0,43,"[D.Smith, J.Boykin, A.Rodgers, M.Elam]",2718,1,1,0,45,43,GB,Q3 08:29,False,OWN 32,8
2013,6,1:00,10/13/2013,(7:10) A.Rodgers pass incomplete deep right to J.Nelson (L.Webb).,1,21,0,False,,1,0,0,0,0,0,"[L.Webb, A.Rodgers, J.Nelson]",2774,0,1,0,0,0,GB,Q3 07:10,False,OPP 35,20
2013,6,1:00,10/13/2013,(6:16) (Shotgun) A.Rodgers pass incomplete deep right to J.Finley.,3,21,0,False,,1,0,0,0,0,0,"[J.Finley, A.Rodgers]",2834,0,1,0,0,0,GB,Q3 06:16,False,OPP 32,17
2013,6,1:00,10/13/2013,(3:07) (Shotgun) A.Rodgers scrambles up the middle to GB 36 for 12 yards (C.Graham).,3,23,1,False,,0,0,0,0,0,0,"[C.Graham, A.Rodgers]",3065,0,0,0,0,0,GB,Q3 03:07,False,OWN 24,6
2013,6,1:00,10/13/2013,"(2:22) A.Rodgers pass deep middle to J.Nelson for 64 yards, TOUCHDOWN.",1,23,1,False,TD,1,1,54,1,1,64,"[A.Rodgers, J.Nelson]",3086,1,1,1,10,64,GB,Q3 02:22,True,OWN 36,10
2013,6,1:00,10/13/2013,(11:03) (Shotgun) A.Rodgers pass short right to J.Kuhn to GB 25 for 8 yards (L.Webb).,2,25,0,False,,1,1,3,0,0,8,"[L.Webb, J.Kuhn, A.Rodgers]",3510,1,1,0,5,8,GB,Q4 11:03,False,OWN 17,9
2013,6,1:00,10/13/2013,(10:13) (Shotgun) A.Rodgers pass short right to J.Nelson to GB 34 for 9 yards (L.Webb).,3,25,1,False,,1,1,7,1,0,9,"[L.Webb, A.Rodgers, J.Nelson]",3555,1,1,0,2,9,GB,Q4 10:13,False,OWN 25,1
2013,6,1:00,10/13/2013,(8:17) (Shotgun) A.Rodgers scrambles up the middle to BAL 41 for 5 yards (C.Canty).,2,25,0,False,,0,0,0,0,0,0,"[C.Canty, A.Rodgers]",3621,0,0,0,0,0,GB,Q4 08:17,False,OPP 46,7
2013,6,1:00,10/13/2013,(6:45) A.Rodgers pass short left to J.Finley to BAL 19 for 19 yards (T.Suggs; J.Ihedigbo).,1,25,1,False,,1,1,8,1,0,19,"[J.Finley, J.Ihedigbo, A.Rodgers, T.Suggs]",3663,1,1,0,11,19,GB,Q4 06:45,False,OPP 38,10
2013,6,1:00,10/13/2013,(4:26) (Shotgun) A.Rodgers pass incomplete short right to J.Nelson.,3,25,0,False,,1,0,0,0,0,0,"[A.Rodgers, J.Nelson]",3746,0,1,0,0,0,GB,Q4 04:26,False,OPP 12,3
2013,6,1:00,10/13/2013,(2:00) A.Rodgers left end to GB 27 for 6 yards (J.Ihedigbo).,2,27,0,False,,0,0,0,0,0,0,"[J.Ihedigbo, A.Rodgers]",4054,0,0,0,0,0,GB,Q4 02:00,False,OWN 21,9
2013,6,1:00,10/13/2013,(1:53) (Shotgun) A.Rodgers pass short middle to J.Finley to BAL 21 for 52 yards (J.Ihedigbo).,3,27,1,False,,1,1,10,1,0,52,"[J.Finley, A.Rodgers, J.Ihedigbo]",4092,1,1,0,42,52,GB,Q4 01:53,False,OWN 27,3
2013,6,1:00,10/13/2013,(1:32) A.Rodgers kneels to BAL 10 for -1 yards.,1,27,0,False,,0,0,0,0,0,0,[A.Rodgers],4213,0,0,0,0,0,GB,Q4 01:32,False,OPP 9,9
2013,6,1:00,10/13/2013,(1:32) A.Rodgers kneels to BAL 11 for -1 yards.,2,27,0,False,,0,0,0,0,0,0,[A.Rodgers],4234,0,0,0,0,0,GB,Q4 01:32,False,OPP 10,10
2013,7,4:25,10/20/2013,(14:00) A.Rodgers pass incomplete deep left to J.Boykin.,1,1,0,True,,1,0,0,0,0,0,"[J.Boykin, A.Rodgers]",142,0,1,0,0,0,GB,Q1 14:00,False,OPP 40,10
2013,7,4:25,10/20/2013,"(13:56) (No Huddle) A.Rodgers pass deep right to J.Finley to CLE 14 for 26 yards (J.Haden, D.Jackson).",2,1,1,True,,1,1,16,1,0,26,"[J.Haden, J.Finley, D.Jackson, A.Rodgers]",164,1,1,0,10,26,GB,Q1 13:56,False,OPP 40,10
2013,7,4:25,10/20/2013,(13:10) A.Rodgers pass short right to J.Boykin to CLE 10 for 4 yards (B.Skrine).,1,1,0,True,,1,1,-2,0,0,4,"[J.Boykin, A.Rodgers, B.Skrine]",188,1,1,0,6,4,GB,Q1 13:10,False,OPP 14,10
2013,7,4:25,10/20/2013,"(12:29) (Shotgun) A.Rodgers pass short left to J.Finley for 10 yards, TOUCHDOWN.",2,1,1,True,TD,1,1,0,1,1,10,"[J.Finley, A.Rodgers]",212,1,1,1,10,10,GB,Q1 12:29,True,OPP 10,6
2013,7,4:25,10/20/2013,(9:33) (Shotgun) A.Rodgers pass incomplete deep left to J.Nelson [B.Mingo].,1,3,0,True,,1,0,0,0,0,0,"[B.Mingo, A.Rodgers, J.Nelson]",526,0,1,0,0,0,GB,Q1 09:33,False,OWN 44,10
2013,7,4:25,10/20/2013,"(9:27) (Shotgun) A.Rodgers pass short right to J.Boykin to GB 46 for 2 yards (C.Owens, T.Gipson).",2,3,0,True,,1,1,2,0,0,2,"[A.Rodgers, C.Owens, T.Gipson, J.Boykin]",548,1,1,0,0,2,GB,Q1 09:27,False,OWN 44,10
2013,7,4:25,10/20/2013,(8:47) (Shotgun) A.Rodgers pass short right to J.Boykin to CLE 39 for 15 yards (C.Owens).,3,3,1,True,,1,1,14,1,0,15,"[C.Owens, A.Rodgers, J.Boykin]",573,1,1,0,1,15,GB,Q1 08:47,False,OWN 46,8
2013,7,4:25,10/20/2013,(6:49) (Shotgun) A.Rodgers right end to CLE 27 for 5 yards (T.Ward).,3,3,1,True,,0,0,0,0,0,0,"[T.Ward, A.Rodgers]",639,0,0,0,0,0,GB,Q1 06:49,False,OPP 32,3
2013,7,4:25,10/20/2013,(6:06) (Shotgun) A.Rodgers pass incomplete short right to A.Quarless.,1,3,0,True,,1,0,0,0,0,0,"[A.Quarless, A.Rodgers]",660,0,1,0,0,0,GB,Q1 06:06,False,OPP 27,10
2013,7,4:25,10/20/2013,(1:12) A.Rodgers pass short left to J.Boykin to GB 25 for 5 yards (C.Robertson).,1,5,0,True,,1,1,-1,0,0,5,"[C.Robertson, A.Rodgers, J.Boykin]",1014,1,1,0,6,5,GB,Q1 01:12,False,OWN 20,10
2013,7,4:25,10/20/2013,"(15:00) (Shotgun) A.Rodgers pass short middle to J.Nelson to GB 37 for 13 yards (A.Bryant). PENALTY on CLE-P.Kruger, Personal Foul, 15 yards, enforced at GB 37.",3,5,2,True,PENALTY,1,1,8,1,0,13,"[P.Kruger, A.Bryant, A.Rodgers, J.Nelson]",1075,1,1,0,5,13,GB,Q2 15:00,False,OWN 24,6
2013,7,4:25,10/20/2013,(13:20) (Shotgun) A.Rodgers pass short left to J.Nelson to GB 47 for 5 yards (J.Haden) [J.Sheard].,2,5,0,True,,1,1,5,0,0,5,"[J.Haden, J.Sheard, A.Rodgers, J.Nelson]",1171,1,1,0,0,5,GB,Q2 13:20,False,OWN 42,20
2013,7,4:25,10/20/2013,(12:18) (Shotgun) A.Rodgers pass short right to J.Finley to CLE 47 for 11 yards (D.Jackson).,3,5,0,True,,1,1,1,0,0,11,"[J.Finley, D.Jackson, A.Rodgers]",1218,1,1,0,10,11,GB,Q2 12:18,False,OWN 42,20
2013,7,4:25,10/20/2013,"(4:09) (No Huddle, Shotgun) A.Rodgers pass short left to J.Nelson to GB 45 for 6 yards (J.Haden).",3,7,1,True,,1,1,5,1,0,6,"[J.Haden, A.Rodgers, J.Nelson]",1631,1,1,0,1,6,GB,Q2 04:09,False,OWN 39,2
2013,7,4:25,10/20/2013,"(3:42) (No Huddle) A.Rodgers right end ran ob at GB 49 for 4 yards (B.Skrine). PENALTY on CLE-C.Robertson, Defensive Holding, 5 yards, enforced at GB 49.",1,7,1,True,PENALTY,0,0,0,0,0,0,"[C.Robertson, A.Rodgers, B.Skrine]",1655,0,0,0,0,0,GB,Q2 03:42,False,OWN 45,10
2013,7,4:25,10/20/2013,"(3:13) (No Huddle, Shotgun) A.Rodgers right end to CLE 42 for 4 yards (T.Ward).",1,7,0,True,,0,0,0,0,0,0,"[A.Rodgers, T.Ward]",1687,0,0,0,0,0,GB,Q2 03:13,False,OPP 46,10
2013,7,4:25,10/20/2013,"(2:06) (No Huddle, Shotgun) A.Rodgers pass short middle to E.Lacy to CLE 23 for 5 yards (P.Taylor).",1,7,1,True,,1,1,1,1,0,5,"[P.Taylor, A.Rodgers, E.Lacy]",1763,1,1,0,4,5,GB,Q2 02:06,False,OPP 28,5
2013,7,4:25,10/20/2013,(1:59) (Shotgun) A.Rodgers pass incomplete deep left to J.Franklin.,1,7,0,True,,1,0,0,0,0,0,"[J.Franklin, A.Rodgers]",1804,0,1,0,0,0,GB,Q2 01:59,False,OPP 23,10
2013,7,4:25,10/20/2013,(1:53) (Shotgun) A.Rodgers pass short middle to M.White to CLE 14 for 9 yards (C.Robertson).,2,7,0,True,,1,1,7,0,0,9,"[M.White, C.Robertson, A.Rodgers]",1826,1,1,0,2,9,GB,Q2 01:53,False,OPP 23,10
2013,7,4:25,10/20/2013,"(:16) (No Huddle, Shotgun) A.Rodgers pass incomplete short left to M.White (T.Gipson).",2,7,0,True,,1,0,0,0,0,0,"[A.Rodgers, T.Gipson, M.White]",1892,0,1,0,0,0,GB,Q2 00:16,False,OPP 8,8
2013,7,4:25,10/20/2013,(:14) (Shotgun) A.Rodgers pass incomplete short right.,3,7,0,True,,1,0,0,0,0,0,[A.Rodgers],1931,0,0,0,0,0,GB,Q2 00:14,False,OPP 8,8
2013,7,4:25,10/20/2013,(14:53) A.Rodgers pass short middle to E.Lacy to GB 32 for 6 yards (T.Gipson).,1,9,0,True,,1,1,1,0,0,6,"[A.Rodgers, T.Gipson, E.Lacy]",2034,1,1,0,5,6,GB,Q3 14:53,False,OWN 26,10
2013,7,4:25,10/20/2013,"(13:59) (No Huddle, Shotgun) A.Rodgers pass short left to J.Boykin to GB 44 for 6 yards (C.Owens).",1,9,0,True,,1,1,6,0,0,6,"[C.Owens, A.Rodgers, J.Boykin]",2079,1,1,0,0,6,GB,Q3 13:59,False,OWN 38,10
2013,7,4:25,10/20/2013,"(13:28) (No Huddle, Shotgun) A.Rodgers pass short left to J.Boykin to CLE 44 for 12 yards (C.Owens).",2,9,1,True,,1,1,9,1,0,12,"[C.Owens, A.Rodgers, J.Boykin]",2103,1,1,0,3,12,GB,Q3 13:28,False,OWN 44,4
2013,7,4:25,10/20/2013,"(12:58) (No Huddle, Shotgun) A.Rodgers pass short middle to J.Nelson to CLE 27 for 17 yards (T.Gipson).",1,9,1,True,,1,1,13,1,0,17,"[T.Gipson, A.Rodgers, J.Nelson]",2128,1,1,0,4,17,GB,Q3 12:58,False,OPP 44,10
2013,7,4:25,10/20/2013,(11:43) (No Huddle) A.Rodgers pass incomplete short right to E.Lacy.,2,9,0,True,,1,0,0,0,0,0,"[A.Rodgers, E.Lacy]",2173,0,1,0,0,0,GB,Q3 11:43,False,OPP 27,10
2013,7,4:25,10/20/2013,"(11:36) (No Huddle, Shotgun) A.Rodgers sacked at CLE 34 for -7 yards (sack split by C.Owens and P.Kruger).",3,9,0,True,,0,0,0,0,0,0,"[P.Kruger, C.Owens, A.Rodgers]",2195,0,0,0,0,0,GB,Q3 11:36,False,OPP 27,10
2013,7,4:25,10/20/2013,(7:35) (Shotgun) A.Rodgers pass incomplete short right [P.Taylor].,2,11,0,True,,1,0,0,0,0,0,"[P.Taylor, A.Rodgers]",2396,0,0,0,0,0,GB,Q3 07:35,False,OWN 6,13
2013,7,4:25,10/20/2013,(7:28) (Shotgun) A.Rodgers pass short middle to J.Kuhn to GB 14 for 8 yards (A.Rubin).,3,11,0,True,,1,1,1,0,0,8,"[J.Kuhn, A.Rubin, A.Rodgers]",2418,1,1,0,7,8,GB,Q3 07:28,False,OWN 6,13
2013,7,4:25,10/20/2013,(5:03) (Shotgun) A.Rodgers pass short left to E.Lacy to GB 27 for 7 yards (J.Hughes).,1,13,0,True,,1,1,-2,0,0,7,"[A.Rodgers, J.Hughes, E.Lacy]",2659,1,1,0,9,7,GB,Q3 05:03,False,OWN 20,10
2013,7,4:25,10/20/2013,"(4:31) (No Huddle, Shotgun) A.Rodgers pass short left to E.Lacy to GB 31 for 4 yards (T.Gipson).",2,13,1,True,,1,1,-1,1,0,4,"[T.Gipson, A.Rodgers, E.Lacy]",2683,1,1,0,5,4,GB,Q3 04:31,False,OWN 27,3
2013,7,4:25,10/20/2013,"(4:02) (No Huddle, Shotgun) A.Rodgers pass incomplete short left to E.Lacy.",1,13,0,True,,1,0,0,0,0,0,"[A.Rodgers, E.Lacy]",2707,0,1,0,0,0,GB,Q3 04:02,False,OWN 31,10
2013,7,4:25,10/20/2013,"(3:13) (No Huddle, Shotgun) A.Rodgers pass short left to J.Finley to GB 49 for 15 yards (C.Robertson).",3,13,1,True,,1,1,10,1,0,15,"[C.Robertson, J.Finley, A.Rodgers]",2752,1,1,0,5,15,GB,Q3 03:13,False,OWN 34,7
2013,7,4:25,10/20/2013,(2:48) (No Huddle) A.Rodgers pass short middle to E.Lacy to CLE 47 for 4 yards (T.Ward).,1,13,0,True,,1,1,0,0,0,4,"[A.Rodgers, T.Ward, E.Lacy]",2776,1,1,0,4,4,GB,Q3 02:48,False,OWN 49,10
2013,7,4:25,10/20/2013,"(2:15) (No Huddle, Shotgun) A.Rodgers pass incomplete deep left to J.Boykin.",2,13,0,True,,1,0,0,0,0,0,"[J.Boykin, A.Rodgers]",2800,0,1,0,0,0,GB,Q3 02:15,False,OPP 47,6
2013,7,4:25,10/20/2013,(1:36) (Shotgun) A.Rodgers pass incomplete deep right.,3,13,0,True,,1,0,0,0,0,0,[A.Rodgers],2857,0,0,0,0,0,GB,Q3 01:36,False,OWN 43,16
2013,7,4:25,10/20/2013,"(10:31) (Shotgun) A.Rodgers pass short middle to J.Finley to GB 44 for 10 yards (T.Ward). GB-J.Finley was injured during the play.  PENALTY on CLE-T.Gipson, Unnecessary Roughness, 15 yards, enforced at GB 44.",2,15,2,True,PENALTY,1,1,10,1,0,10,"[J.Finley, T.Gipson, A.Rodgers, T.Ward]",3293,1,1,0,0,10,GB,Q4 10:31,False,OWN 34,7
2013,7,4:25,10/20/2013,(9:25) A.Rodgers pass deep left to J.Boykin to CLE 1 for 39 yards (T.Ward).,2,15,1,True,,1,1,19,1,0,39,"[J.Boykin, T.Ward, A.Rodgers]",3352,1,1,0,20,39,GB,Q4 09:25,False,OPP 40,9
2013,7,4:25,10/20/2013,"(8:33) A.Rodgers pass short left to J.Nelson for 1 yard, TOUCHDOWN.",1,15,1,True,TD,1,1,1,1,1,1,"[A.Rodgers, J.Nelson]",3393,1,1,1,0,1,GB,Q4 08:33,True,OPP 1,1
2013,7,4:25,10/20/2013,"(3:52) A.Rodgers pass short right to J.Boykin for 20 yards, TOUCHDOWN.",2,18,1,True,TD,1,1,15,1,1,20,"[J.Boykin, A.Rodgers]",3824,1,1,1,5,20,GB,Q4 03:52,True,OPP 20,6
2013,7,4:25,10/20/2013,(:12) A.Rodgers kneels to GB 24 for -1 yards.,1,20,0,True,,0,0,0,0,0,0,[A.Rodgers],4271,0,0,0,0,0,GB,Q4 00:12,False,OWN 25,10
2013,8,8:30,10/27/2013,(13:25) (Shotgun) A.Rodgers pass short right to J.Boykin to GB 25 for 11 yards (X.Rhodes).,3,1,1,False,,1,1,11,1,0,11,"[J.Boykin, X.Rhodes, A.Rodgers]",146,1,1,0,0,11,GB,Q1 13:25,False,OWN 14,6
2013,8,8:30,10/27/2013,(12:16) A.Rodgers pass short middle to J.Boykin to MIN 46 for 18 yards (E.Henderson; J.Sanford).,1,1,1,False,,1,1,12,1,0,18,"[J.Boykin, A.Rodgers, E.Henderson, J.Sanford]",227,1,1,0,6,18,GB,Q1 12:16,False,OWN 36,10
2013,8,8:30,10/27/2013,(11:10) (Shotgun) A.Rodgers pass short right to A.Quarless to MIN 37 for 8 yards (C.Greenway).,2,1,0,False,,1,1,3,0,0,8,"[A.Quarless, A.Rodgers, C.Greenway]",274,1,1,0,5,8,GB,Q1 11:10,False,OPP 45,9
2013,8,8:30,10/27/2013,(10:04) (Shotgun) A.Rodgers pass short left to M.White to MIN 31 for 4 yards (C.Cook).,1,1,0,False,,1,1,3,0,0,4,"[C.Cook, A.Rodgers, M.White]",321,1,1,0,1,4,GB,Q1 10:04,False,OPP 35,10
2013,8,8:30,10/27/2013,(9:30) A.Rodgers pass incomplete deep right to J.Boykin.,2,1,0,False,,1,0,0,0,0,0,"[J.Boykin, A.Rodgers]",346,0,1,0,0,0,GB,Q1 09:30,False,OPP 31,6
2013,8,8:30,10/27/2013,(9:24) (Shotgun) A.Rodgers scrambles right end to MIN 19 for 12 yards (J.Robinson).,3,1,1,False,,0,0,0,0,0,0,"[A.Rodgers, J.Robinson]",368,0,0,0,0,0,GB,Q1 09:24,False,OPP 31,6
2013,8,8:30,10/27/2013,(8:11) (Shotgun) A.Rodgers pass short right to E.Lacy to MIN 11 for 9 yards (K.Williams).,2,1,0,False,,1,1,-2,0,0,9,"[E.Lacy, A.Rodgers, K.Williams]",412,1,1,0,11,9,GB,Q1 08:11,False,OPP 20,11
2013,8,8:30,10/27/2013,"(7:28) (Shotgun) A.Rodgers pass short right to J.Nelson for 11 yards, TOUCHDOWN.",3,1,1,False,TD,1,1,11,1,1,11,"[A.Rodgers, J.Nelson]",437,1,1,1,0,11,GB,Q1 07:28,True,OPP 11,2
2013,8,8:30,10/27/2013,(3:12) A.Rodgers pass incomplete deep right to J.Nelson.,2,3,0,False,,1,0,0,0,0,0,"[A.Rodgers, J.Nelson]",679,0,1,0,0,0,GB,Q1 03:12,False,OWN 25,3
2013,8,8:30,10/27/2013,(3:06) (Shotgun) A.Rodgers pass short left to J.Nelson to GB 32 for 7 yards (C.Cook).,3,3,1,False,,1,1,6,1,0,7,"[C.Cook, J.Nelson, A.Rodgers]",701,1,1,0,1,7,GB,Q1 03:06,False,OWN 25,3
2013,8,8:30,10/27/2013,(2:29) A.Rodgers pass short middle to E.Lacy to GB 36 for 4 yards (C.Greenway).,1,3,0,False,,1,1,2,0,0,4,"[A.Rodgers, C.Greenway, E.Lacy]",726,1,1,0,2,4,GB,Q1 02:29,False,OWN 32,10
2013,8,8:30,10/27/2013,(1:50) (Shotgun) A.Rodgers pass short left to M.White to GB 39 for 3 yards (J.Robinson).,2,3,0,False,,1,1,-3,0,0,3,"[J.Robinson, A.Rodgers, M.White]",751,1,1,0,6,3,GB,Q1 01:50,False,OWN 36,6
2013,8,8:30,10/27/2013,(1:13) (Shotgun) A.Rodgers pass short left to A.Quarless to GB 44 for 5 yards (J.Sanford).,3,3,1,False,,1,1,2,1,0,5,"[A.Quarless, A.Rodgers, J.Sanford]",776,1,1,0,3,5,GB,Q1 01:13,False,OWN 39,3
2013,8,8:30,10/27/2013,(13:00) A.Rodgers pass short right to J.Kuhn to MIN 28 for 7 yards (J.Robinson; M.Raymond).,4,3,1,False,,1,1,2,1,0,7,"[J.Kuhn, A.Rodgers, M.Raymond, J.Robinson]",972,1,1,0,5,7,GB,Q2 13:00,False,OPP 35,1
2013,8,8:30,10/27/2013,(11:05) (Shotgun) A.Rodgers pass incomplete short right to M.White.,2,3,0,False,,1,0,0,0,0,0,"[M.White, A.Rodgers]",1041,0,1,0,0,0,GB,Q2 11:05,False,OPP 10,9
2013,8,8:30,10/27/2013,(10:59) (Shotgun) A.Rodgers sacked at MIN 12 for -2 yards (C.Greenway).,3,3,0,False,,0,0,0,0,0,0,"[A.Rodgers, C.Greenway]",1063,0,0,0,0,0,GB,Q2 10:59,False,OPP 10,9
2013,8,8:30,10/27/2013,(4:34) A.Rodgers pass short left to E.Lacy to GB 24 for 6 yards (E.Henderson).,2,5,0,False,,1,1,-5,0,0,6,"[E.Henderson, A.Rodgers, E.Lacy]",1461,1,1,0,11,6,GB,Q2 04:34,False,OWN 18,12
2013,8,8:30,10/27/2013,"(3:49) (Shotgun) A.Rodgers pass short middle to J.Nelson for 76 yards, TOUCHDOWN.",3,5,1,False,TD,1,1,11,1,1,76,"[A.Rodgers, J.Nelson]",1486,1,1,1,65,76,GB,Q2 03:49,True,OWN 24,6
2013,8,8:30,10/27/2013,(14:31) (Shotgun) A.Rodgers pass incomplete short left to M.White.,2,9,0,False,,1,0,0,0,0,0,"[M.White, A.Rodgers]",2107,0,1,0,0,0,GB,Q3 14:31,False,OWN 29,1
2013,8,8:30,10/27/2013,(14:30) (Shotgun) A.Rodgers pass short right to J.Nelson to GB 40 for 11 yards (A.Sendejo).,3,9,1,False,,1,1,9,1,0,11,"[A.Sendejo, A.Rodgers, J.Nelson]",2129,1,1,0,2,11,GB,Q3 14:30,False,OWN 29,1
2013,8,8:30,10/27/2013,(12:38) (Shotgun) A.Rodgers pass short right to M.White to 50 for 5 yards (X.Rhodes).,2,9,0,False,,1,1,-2,0,0,5,"[M.White, X.Rhodes, A.Rodgers]",2228,1,1,0,7,5,GB,Q3 12:38,False,OWN 45,16
2013,8,8:30,10/27/2013,(11:53) (Shotgun) A.Rodgers pass short left to M.White to MIN 42 for 8 yards (C.Cook).,3,9,0,False,,1,1,0,0,0,8,"[M.White, C.Cook, A.Rodgers]",2252,1,1,0,8,8,GB,Q3 11:53,False,MIDFIELD,11
2013,8,8:30,10/27/2013,(11:08) (Shotgun) A.Rodgers pass short right to J.Nelson to MIN 34 for 8 yards (X.Rhodes).,4,9,1,False,,1,1,6,1,0,8,"[X.Rhodes, A.Rodgers, J.Nelson]",2276,1,1,0,2,8,GB,Q3 11:08,False,OPP 42,3
2013,8,8:30,10/27/2013,(9:10) (Shotgun) A.Rodgers scrambles left end ran ob at MIN 12 for 14 yards.,3,9,1,False,,0,0,0,0,0,0,[A.Rodgers],2342,0,0,0,0,0,GB,Q3 09:10,False,OPP 26,2
2013,8,8:30,10/27/2013,(7:52) A.Rodgers pass incomplete short right to J.Kuhn.,2,9,0,False,,1,0,0,0,0,0,"[J.Kuhn, A.Rodgers]",2401,0,1,0,0,0,GB,Q3 07:52,False,OPP 4,2
2013,8,8:30,10/27/2013,(7:48) (Shotgun) A.Rodgers scrambles right guard to MIN 1 for 3 yards (X.Rhodes).,3,9,1,False,,0,0,0,0,0,0,"[X.Rhodes, A.Rodgers]",2423,0,0,0,0,0,GB,Q3 07:48,False,OPP 4,2
2013,8,8:30,10/27/2013,(4:06) (Shotgun) A.Rodgers scrambles left end to GB 20 for 5 yards (C.Greenway).,2,11,0,False,,0,0,0,0,0,0,"[A.Rodgers, C.Greenway]",2678,0,0,0,0,0,GB,Q3 04:06,False,OWN 15,21
2013,8,8:30,10/27/2013,(3:23) (Shotgun) A.Rodgers pass short middle to J.Boykin to GB 37 for 17 yards (C.Greenway) [E.Griffen].,3,11,1,False,,1,1,9,1,0,17,"[J.Boykin, A.Rodgers, E.Griffen, C.Greenway]",2699,1,1,0,8,17,GB,Q3 03:23,False,OWN 20,16
2013,8,8:30,10/27/2013,(:25) A.Rodgers pass short left to M.White to MIN 24 for 15 yards (M.Raymond).,1,11,1,False,,1,1,-2,1,0,15,"[A.Rodgers, M.Raymond, M.White]",2786,1,1,0,17,15,GB,Q3 00:25,False,OPP 39,10
2013,8,8:30,10/27/2013,(15:00) (Shotgun) A.Rodgers sacked at MIN 25 for -1 yards (L.Guion).,1,11,0,False,,0,0,0,0,0,0,"[A.Rodgers, L.Guion]",2827,0,0,0,0,0,GB,Q4 15:00,False,OPP 24,10
2013,8,8:30,10/27/2013,(12:03) A.Rodgers pass short middle to J.Nelson to MIN 46 for 7 yards (J.Robinson).,2,13,0,False,,1,1,5,0,0,7,"[J.Robinson, A.Rodgers, J.Nelson]",3011,1,1,0,2,7,GB,Q4 12:03,False,OWN 47,8
2013,8,8:30,10/27/2013,(11:23) (Shotgun) A.Rodgers pass deep right to J.Boykin to MIN 19 for 27 yards (J.Robinson).,3,13,1,False,,1,1,21,1,0,27,"[J.Boykin, A.Rodgers, J.Robinson]",3036,1,1,0,6,27,GB,Q4 11:23,False,OPP 46,1
2013,8,8:30,10/27/2013,(8:30) A.Rodgers pass short left to J.Nelson to MIN 1 for 3 yards (A.Jefferson).,1,13,0,False,,1,1,3,0,0,3,"[A.Rodgers, A.Jefferson, J.Nelson]",3127,1,1,0,0,3,GB,Q4 08:30,False,OPP 4,4
2013,8,8:30,10/27/2013,(7:01) A.Rodgers pass short left to E.Lacy to MIN 2 for -1 yards (A.Sendejo).,3,13,0,False,,1,1,-2,0,0,-1,"[A.Sendejo, A.Rodgers, E.Lacy]",3191,1,1,0,1,-1,GB,Q4 07:01,False,OPP 1,1
2013,8,8:30,10/27/2013,(3:56) A.Rodgers pass short middle to J.Boykin to MIN 28 for 16 yards (J.Robinson).,2,15,1,False,,1,1,14,1,0,16,"[J.Boykin, A.Rodgers, J.Robinson]",3449,1,1,0,2,16,GB,Q4 03:56,False,OPP 44,11
2013,8,8:30,10/27/2013,(1:23) A.Rodgers kneels to MIN 45 for -1 yards.,1,17,0,False,,0,0,0,0,0,0,[A.Rodgers],3811,0,0,0,0,0,GB,Q4 01:23,False,OPP 44,10
2013,8,8:30,10/27/2013,(:42) A.Rodgers kneels to MIN 47 for -2 yards.,2,17,0,False,,0,0,0,0,0,0,[A.Rodgers],3833,0,0,0,0,0,GB,Q4 00:42,False,OPP 45,11
2013,9,8:40,11/4/2013,"(15:00) (Shotgun) A.Rodgers left end to GB 29 for 9 yards (J.Bostic). PENALTY on CHI-S.Paea, Face Mask (15 Yards), 15 yards, enforced at GB 29.",1,0,1,True,PENALTY,0,0,0,0,0,0,"[J.Bostic, A.Rodgers, S.Paea]",54,0,0,0,0,0,GB,Q1 15:00,False,OWN 20,10
2013,9,8:40,11/4/2013,(14:06) (No Huddle) A.Rodgers pass short middle to J.Nelson pushed ob at CHI 27 for 27 yards (M.Wright).,2,0,1,True,,1,1,15,1,0,27,"[M.Wright, A.Rodgers, J.Nelson]",110,1,1,0,12,27,GB,Q1 14:06,False,OWN 46,8
2013,9,8:40,11/4/2013,(12:44) (No Huddle) A.Rodgers pass incomplete short left to J.Jones.,2,0,0,True,,1,0,0,0,0,0,"[A.Rodgers, J.Jones]",176,0,1,0,0,0,GB,Q1 12:44,False,OPP 9,8
2013,9,8:40,11/4/2013,(12:38) (Shotgun) A.Rodgers sacked at CHI 12 for -3 yards (S.McClellin).,3,0,0,True,,0,0,0,0,0,0,"[A.Rodgers, S.McClellin]",198,0,0,0,0,0,GB,Q1 12:38,False,OPP 9,8
2013,17,4:25,12/29/2013,"(12:50) (No Huddle, Shotgun) A.Rodgers pass short left to J.Boykin to GB 39 for 5 yards (Z.Bowman).",1,1,0,False,,1,1,4,0,0,5,"[Z.Bowman, J.Boykin, A.Rodgers]",204,1,1,0,1,5,GB,Q1 12:50,False,OWN 34,10
2013,17,4:25,12/29/2013,(12:11) (Shotgun) A.Rodgers pass short left to A.Quarless to GB 48 for 9 yards (Z.Bowman).,2,1,1,False,,1,1,9,1,0,9,"[Z.Bowman, A.Rodgers, A.Quarless]",228,1,1,0,0,9,GB,Q1 12:11,False,OWN 39,5
2013,17,4:25,12/29/2013,(10:26) (Shotgun) A.Rodgers pass short right to J.Nelson to CHI 31 for 14 yards (I.Frey).,3,1,1,False,,1,1,10,1,0,14,"[I.Frey, A.Rodgers, J.Nelson]",311,1,1,0,4,14,GB,Q1 10:26,False,OPP 45,3
2013,17,4:25,12/29/2013,(9:13) (Shotgun) A.Rodgers pass incomplete short middle to J.Starks.,2,1,0,False,,1,0,0,0,0,0,"[A.Rodgers, J.Starks]",357,0,1,0,0,0,GB,Q1 09:13,False,OPP 25,4
2013,17,4:25,12/29/2013,(9:06) (Shotgun) A.Rodgers pass short right to J.Nelson ran ob at CHI 18 for 2 yards.,1,1,0,False,,1,1,0,0,0,2,"[A.Rodgers, J.Nelson]",412,1,1,0,2,2,GB,Q1 09:06,False,OPP 20,10
2013,17,4:25,12/29/2013,(8:42) (Shotgun) A.Rodgers pass short left to J.Boykin to CHI 15 for 3 yards (J.Peppers).,2,1,0,False,,1,1,0,0,0,3,"[J.Boykin, A.Rodgers, J.Peppers]",436,1,1,0,3,3,GB,Q1 08:42,False,OPP 18,8
2013,17,4:25,12/29/2013,(7:55) (Shotgun) A.Rodgers pass short right to J.Nelson to CHI 9 for 6 yards (Ja.Anderson).,3,1,1,False,,1,1,3,1,0,6,"[Ja.Anderson, A.Rodgers, J.Nelson]",461,1,1,0,3,6,GB,Q1 07:55,False,OPP 15,5
2013,17,4:25,12/29/2013,(6:35) (Shotgun) A.Rodgers sacked at CHI 5 for 0 yards (Ja.Anderson).,2,1,0,False,,0,0,0,0,0,0,"[Ja.Anderson, A.Rodgers]",506,0,0,0,0,0,GB,Q1 06:35,False,OPP 5,5
2013,17,4:25,12/29/2013,(5:50) (Shotgun) A.Rodgers pass short right intended for J.Boykin INTERCEPTED by C.Conte at CHI -3. Touchback.,3,1,0,False,INT,1,0,0,0,0,0,"[J.Boykin, A.Rodgers, C.Conte]",529,0,1,0,0,0,GB,Q1 05:50,False,OPP 5,5
2013,17,4:25,12/29/2013,(1:31) (Shotgun) A.Rodgers pass short right to J.Starks to GB 28 for 7 yards (Ja.Anderson).,2,3,0,False,,1,1,2,0,0,7,"[Ja.Anderson, A.Rodgers, J.Starks]",838,1,1,0,5,7,GB,Q1 01:31,False,OWN 21,8
2013,17,4:25,12/29/2013,(15:00) (Shotgun) A.Rodgers pass deep right to J.Nelson pushed ob at CHI 26 for 32 yards (C.Conte).,2,3,1,False,,1,1,26,1,0,32,"[J.Nelson, A.Rodgers, C.Conte]",920,1,1,0,6,32,GB,Q2 15:00,False,OWN 42,5
2013,17,4:25,12/29/2013,(14:27) A.Rodgers pass short right intended for J.Nelson INTERCEPTED by T.Jennings at CHI 17. T.Jennings to CHI 20 for 3 yards (J.Nelson).,1,3,0,False,INT,1,0,0,0,0,0,"[J.Nelson, A.Rodgers, T.Jennings]",944,0,1,0,0,0,GB,Q2 14:27,False,OPP 26,10
2013,17,4:25,12/29/2013,(12:45) (Shotgun) A.Rodgers pass incomplete short left to A.Quarless.,1,5,0,False,,1,0,0,0,0,0,"[A.Quarless, A.Rodgers]",1116,0,1,0,0,0,GB,Q2 12:45,False,OWN 36,10
2013,17,4:25,12/29/2013,(11:57) (Shotgun) A.Rodgers pass deep left to J.Nelson to CHI 33 for 26 yards (Z.Bowman).,3,5,1,False,,1,1,20,1,0,26,"[Z.Bowman, J.Nelson, A.Rodgers]",1160,1,1,0,6,26,GB,Q2 11:57,False,OWN 41,5
2013,17,4:25,12/29/2013,(11:16) (Shotgun) A.Rodgers pass short right to J.Jones to CHI 29 for 4 yards (I.Frey).,1,5,0,False,,1,1,0,0,0,4,"[I.Frey, A.Rodgers, J.Jones]",1184,1,1,0,4,4,GB,Q2 11:16,False,OPP 33,10
2013,17,4:25,12/29/2013,"(10:03) (Shotgun) A.Rodgers sacked at CHI 33 for -5 yards (L.Briggs). PENALTY on CHI-S.McClellin, Unnecessary Roughness, 15 yards, enforced at CHI 33.",3,5,1,False,PENALTY,0,0,0,0,0,0,"[L.Briggs, A.Rodgers, S.McClellin]",1230,0,0,0,0,0,GB,Q2 10:03,False,OPP 28,5
2013,17,4:25,12/29/2013,(9:38) (Shotgun) A.Rodgers pass short left to J.Jones to CHI 11 for 7 yards (Z.Bowman).,1,5,0,False,,1,1,0,0,0,7,"[Z.Bowman, A.Rodgers, J.Jones]",1261,1,1,0,7,7,GB,Q2 09:38,False,OPP 18,10
2013,17,4:25,12/29/2013,(8:09) (Shotgun) A.Rodgers pass incomplete short middle to J.Nelson.,3,5,0,False,,1,0,0,0,0,0,"[A.Rodgers, J.Nelson]",1329,0,1,0,0,0,GB,Q2 08:09,False,OPP 15,7
2013,17,4:25,12/29/2013,(5:31) (Shotgun) A.Rodgers pass short right to E.Lacy to CHI 35 for 8 yards (T.Jennings). CHI-T.Jennings was injured during the play. His return is Questionable.,2,7,0,False,,1,1,-2,0,0,8,"[T.Jennings, A.Rodgers, E.Lacy]",1557,1,1,0,10,8,GB,Q2 05:31,False,OPP 43,12
2013,17,4:25,12/29/2013,(4:58) (Shotgun) A.Rodgers pass short right to J.Jones pushed ob at CHI 29 for 6 yards (D.Martin).,3,7,1,False,,1,1,6,1,0,6,"[J.Jones, A.Rodgers, D.Martin]",1602,1,1,0,0,6,GB,Q2 04:58,False,OPP 35,4
2013,17,4:25,12/29/2013,"(3:34) (Shotgun) A.Rodgers sacked at CHI 23 for -6 yards (J.Peppers). FUMBLES (J.Peppers), recovered by GB-J.Boykin at CHI 15. J.Boykin for 15 yards, TOUCHDOWN. The Replay Assistant challenged the fumble ruling, and the play was Upheld.",1,7,1,False,TD,0,0,0,0,0,0,"[J.Boykin, A.Rodgers, J.Peppers]",1674,0,0,0,0,0,GB,Q2 03:34,True,OPP 17,10
2013,17,4:25,12/29/2013,(1:19) (Shotgun) A.Rodgers pass incomplete short right to J.Nelson.,2,9,0,False,,1,0,0,0,0,0,"[A.Rodgers, J.Nelson]",1927,0,1,0,0,0,GB,Q2 01:19,False,OPP 25,7
2013,17,4:25,12/29/2013,(1:17) (Shotgun) A.Rodgers pass deep left to J.Nelson to CHI 9 for 16 yards (Z.Bowman).,3,9,1,False,,1,1,16,1,0,16,"[Z.Bowman, J.Nelson, A.Rodgers]",1959,1,1,0,0,16,GB,Q2 01:17,False,OPP 25,7
2013,17,4:25,12/29/2013,(:19) (Shotgun) A.Rodgers pass incomplete short left to A.Quarless [C.Wootton].,2,9,0,False,,1,0,0,0,0,0,"[A.Quarless, A.Rodgers, C.Wootton]",1996,0,1,0,0,0,GB,Q2 00:19,False,OPP 9,9
2013,17,4:25,12/29/2013,(:11) (Shotgun) A.Rodgers pass incomplete short right to J.Nelson.,3,9,0,False,,1,0,0,0,0,0,"[A.Rodgers, J.Nelson]",2049,0,1,0,0,0,GB,Q2 00:11,False,OPP 9,9
2013,17,4:25,12/29/2013,(13:42) (Shotgun) A.Rodgers pass incomplete short left to J.Boykin.,3,11,0,False,,1,0,0,0,0,0,"[J.Boykin, A.Rodgers]",2207,0,1,0,0,0,GB,Q3 13:42,False,OWN 29,1
2013,17,4:25,12/29/2013,(8:14) A.Rodgers pass short right to J.Jones pushed ob at CHI 7 for 5 yards (T.Jennings).,2,13,0,False,,1,1,0,0,0,5,"[J.Jones, A.Rodgers, T.Jennings]",2527,1,1,0,5,5,GB,Q3 08:14,False,OPP 12,9
2013,17,4:25,12/29/2013,"(7:32) (Shotgun) A.Rodgers pass short middle to R.Cobb for 7 yards, TOUCHDOWN.",3,13,1,False,TD,1,1,7,1,1,7,"[A.Rodgers, R.Cobb]",2551,1,1,1,0,7,GB,Q3 07:32,True,OPP 7,4
2013,17,4:25,12/29/2013,(5:04) (Shotgun) A.Rodgers pass deep right to J.Nelson to GB 38 for 18 yards (T.Jennings).,1,15,1,False,,1,1,17,1,0,18,"[J.Nelson, A.Rodgers, T.Jennings]",2779,1,1,0,1,18,GB,Q3 05:04,False,OWN 20,10
2013,17,4:25,12/29/2013,"(4:02) (Shotgun) A.Rodgers pass incomplete deep middle to A.Quarless. Green Bay challenged the incomplete pass ruling, and the play was Upheld. (Timeout #1.)",2,15,0,False,TIMEOUT,1,0,0,0,0,0,"[A.Rodgers, A.Quarless]",2824,0,1,0,0,0,GB,Q3 04:02,False,OWN 38,10
2013,17,4:25,12/29/2013,(3:43) (Shotgun) A.Rodgers pass incomplete deep middle to J.Nelson.,3,15,0,False,,1,0,0,0,0,0,"[A.Rodgers, J.Nelson]",2846,0,1,0,0,0,GB,Q3 03:43,False,OWN 38,10
2013,17,4:25,12/29/2013,(14:12) A.Rodgers pass short right to J.Nelson pushed ob at CHI 41 for 34 yards (C.Conte).,2,17,1,False,,1,1,0,1,0,34,"[J.Nelson, A.Rodgers, C.Conte]",3165,1,1,0,34,34,GB,Q4 14:12,False,OWN 25,8
2013,17,4:25,12/29/2013,(12:55) (Shotgun) A.Rodgers pass short left to J.Jones to CHI 28 for 12 yards (C.Conte).,2,17,1,False,,1,1,0,1,0,12,"[J.Jones, A.Rodgers, C.Conte]",3210,1,1,0,12,12,GB,Q4 12:55,False,OPP 40,9
2013,17,4:25,12/29/2013,(12:11) (Shotgun) A.Rodgers pass deep middle to A.Quarless to CHI 6 for 22 yards (M.Wright).,1,17,1,False,,1,1,21,1,0,22,"[M.Wright, A.Rodgers, A.Quarless]",3234,1,1,0,1,22,GB,Q4 12:11,False,OPP 28,10
2013,17,4:25,12/29/2013,(5:57) (Shotgun) A.Rodgers pass short left to E.Lacy to GB 22 for 7 yards (L.Briggs; I.Frey).,2,19,0,False,,1,1,0,0,0,7,"[I.Frey, L.Briggs, A.Rodgers, E.Lacy]",3642,1,1,0,7,7,GB,Q4 05:57,False,OWN 15,8
2013,17,4:25,12/29/2013,(4:18) A.Rodgers pass short left to J.Jones to GB 30 for 7 yards (I.Frey).,1,19,0,False,,1,1,0,0,0,7,"[I.Frey, A.Rodgers, J.Jones]",3716,1,1,0,7,7,GB,Q4 04:18,False,OWN 23,10
2013,17,4:25,12/29/2013,(3:53) (Shotgun) A.Rodgers pass incomplete short left to J.Jones.,2,19,0,False,,1,0,0,0,0,0,"[A.Rodgers, J.Jones]",3740,0,1,0,0,0,GB,Q4 03:53,False,OWN 30,3
2013,17,4:25,12/29/2013,(3:51) (Shotgun) A.Rodgers scrambles left guard to GB 35 for 5 yards (L.Briggs).,3,19,1,False,,0,0,0,0,0,0,"[L.Briggs, A.Rodgers]",3762,0,0,0,0,0,GB,Q4 03:51,False,OWN 30,3
2013,17,4:25,12/29/2013,(3:18) (Shotgun) A.Rodgers pass short left to J.Nelson to GB 42 for 7 yards (M.Wright).,1,19,0,False,,1,1,7,0,0,7,"[A.Rodgers, M.Wright, J.Nelson]",3783,1,1,0,0,7,GB,Q4 03:18,False,OWN 35,10
2013,17,4:25,12/29/2013,(2:00) (Shotgun) A.Rodgers pass short left to J.Nelson to 50 for 6 yards (Z.Bowman).,4,19,1,False,,1,1,6,1,0,6,"[Z.Bowman, J.Nelson, A.Rodgers]",3866,1,1,0,0,6,GB,Q4 02:00,False,OWN 44,1
2013,17,4:25,12/29/2013,"(1:23) (No Huddle, Shotgun) A.Rodgers pass incomplete deep left to A.Quarless.",1,19,0,False,,1,0,0,0,0,0,"[A.Quarless, A.Rodgers]",3890,0,1,0,0,0,GB,Q4 01:23,False,MIDFIELD,10
2013,17,4:25,12/29/2013,(:51) (Shotgun) A.Rodgers pass incomplete deep right to J.Nelson (T.Jennings).,3,19,0,False,,1,0,0,0,0,0,"[J.Nelson, A.Rodgers, T.Jennings]",3933,0,1,0,0,0,GB,Q4 00:51,False,OPP 48,8
2013,17,4:25,12/29/2013,"(:46) (Shotgun) A.Rodgers pass deep left to R.Cobb for 48 yards, TOUCHDOWN.",4,19,1,False,TD,1,1,43,1,1,48,"[A.Rodgers, R.Cobb]",3955,1,1,1,5,48,GB,Q4 00:46,True,OPP 48,8
2013,17,4:25,12/29/2013,(Pass formation) TWO-POINT CONVERSION ATTEMPT. A.Rodgers pass is incomplete. ATTEMPT FAILS.,0,19,0,False,2PPF,0,0,0,0,0,0,[A.Rodgers],3976,0,0,0,0,0,GB,Q4 00:38,False,OPP 2,0
2013,1,4:40,1/5/2013,(8:25) A.Rodgers sacked at GB 25 for -2 yards (sack split by R.McDonald and A.Smith).,2,2,0,True,,0,0,0,0,0,0,"[R.McDonald, A.Smith, A.Rodgers]",540,0,0,0,0,0,GB,Q1 08:25,False,OWN 27,9
2013,1,4:40,1/5/2013,(7:21) (Shotgun) A.Rodgers pass incomplete short middle to J.Boykin.,3,2,0,True,,1,0,0,0,0,0,"[J.Boykin, A.Rodgers]",582,0,1,0,0,0,GB,Q1 07:21,False,OWN 20,16
2013,1,4:40,1/5/2013,"(2:10) (Shotgun) A.Rodgers sacked at GB 18 for -6 yards (A.Brooks). FUMBLES (A.Brooks) [A.Brooks], recovered by GB-T.Lang at GB 19. T.Lang to GB 19 for no gain (N.Bowman).",1,4,0,True,FUMBLE,0,0,0,0,0,0,"[A.Brooks, A.Rodgers, N.Bowman, T.Lang]",881,0,0,0,0,0,GB,Q1 02:10,False,OWN 24,10
2013,1,4:40,1/5/2013,(1:24) (Shotgun) A.Rodgers pass incomplete short left.,2,4,0,True,,1,0,0,0,0,0,[A.Rodgers],910,0,0,0,0,0,GB,Q1 01:24,False,OWN 19,15
2013,1,4:40,1/5/2013,(11:52) (Shotgun) A.Rodgers pass short middle to J.Kuhn to GB 44 for 8 yards (P.Willis).,3,6,1,True,,1,1,4,1,0,8,"[P.Willis, J.Kuhn, A.Rodgers]",1151,1,1,0,4,8,GB,Q2 11:52,False,OWN 36,4
2013,1,4:40,1/5/2013,(11:18) (Shotgun) A.Rodgers pass short right to J.Jones to SF 47 for 9 yards (T.Brock).,1,6,0,True,,1,1,5,0,0,9,"[A.Rodgers, T.Brock, J.Jones]",1175,1,1,0,4,9,GB,Q2 11:18,False,OWN 44,10
2013,1,4:40,1/5/2013,(10:20) (Shotgun) A.Rodgers pass short left to J.Nelson to SF 36 for 7 yards (T.Brown).,1,6,0,True,,1,1,7,0,0,7,"[T.Brown, A.Rodgers, J.Nelson]",1220,1,1,0,0,7,GB,Q2 10:20,False,OPP 43,10
2013,1,4:40,1/5/2013,(9:20) (Shotgun) A.Rodgers pass short middle to A.Quarless to SF 24 for 8 yards (P.Willis).,1,6,0,True,,1,1,4,0,0,8,"[P.Willis, A.Quarless, A.Rodgers]",1265,1,1,0,4,8,GB,Q2 09:20,False,OPP 32,10
2013,1,4:40,1/5/2013,(8:01) (Shotgun) A.Rodgers pass short middle to J.Nelson to SF 13 for 8 yards (T.Brown).,1,6,0,True,,1,1,8,0,0,8,"[T.Brown, A.Rodgers, J.Nelson]",1310,1,1,0,0,8,GB,Q2 08:01,False,OPP 21,10
2013,1,4:40,1/5/2013,(6:43) (Shotgun) A.Rodgers pass incomplete short right to J.Jones.,1,6,0,True,,1,0,0,0,0,0,"[A.Rodgers, J.Jones]",1355,0,1,0,0,0,GB,Q2 06:43,False,OPP 9,9
2013,1,4:40,1/5/2013,"(5:56) (Shotgun) A.Rodgers pass short right to J.Nelson for 5 yards, TOUCHDOWN.",3,6,1,True,TD,1,1,5,1,1,5,"[A.Rodgers, J.Nelson]",1398,1,1,1,0,5,GB,Q2 05:56,True,OPP 5,5
2013,1,4:40,1/5/2013,(2:10) (Shotgun) A.Rodgers left end to GB 36 for 9 yards (E.Reid).,2,8,1,True,,0,0,0,0,0,0,"[A.Rodgers, E.Reid]",1626,0,0,0,0,0,GB,Q2 02:10,False,OWN 27,7
2013,1,4:40,1/5/2013,(1:48) (Shotgun) A.Rodgers pass short middle to J.Nelson to SF 40 for 19 yards (P.Willis).,1,8,1,True,,1,1,15,1,0,19,"[P.Willis, A.Rodgers, J.Nelson]",1701,1,1,0,4,19,GB,Q2 01:48,False,OWN 41,5
2013,1,4:40,1/5/2013,(1:20) (Shotgun) A.Rodgers pass short right to E.Lacy to SF 37 for 3 yards (N.Bowman).,1,8,0,True,,1,1,-5,0,0,3,"[A.Rodgers, N.Bowman, E.Lacy]",1725,1,1,0,8,3,GB,Q2 01:20,False,OPP 40,10
2013,1,4:40,1/5/2013,(1:09) (Shotgun) A.Rodgers pass short right to J.Starks pushed ob at SF 24 for 13 yards (A.Brooks).,2,8,1,True,,1,1,9,1,0,13,"[A.Rodgers, A.Brooks, J.Starks]",1766,1,1,0,4,13,GB,Q2 01:09,False,OPP 37,7
2013,1,4:40,1/5/2013,(1:00) (Shotgun) A.Rodgers pass short middle to J.Nelson to SF 18 for 6 yards (P.Willis).,1,8,0,True,,1,1,6,0,0,6,"[P.Willis, A.Rodgers, J.Nelson]",1812,1,1,0,0,6,GB,Q2 01:00,False,OPP 24,10
2013,1,4:40,1/5/2013,(:27) (Shotgun) A.Rodgers pass short left to J.Jones to SF 17 for 11 yards (T.Brown).,2,8,0,True,,1,1,11,0,0,11,"[T.Brown, A.Rodgers, J.Jones]",1871,1,1,0,0,11,GB,Q2 00:27,False,OPP 28,14
2013,1,4:40,1/5/2013,(:09) (Shotgun) A.Rodgers pass incomplete short middle to J.Starks.,3,8,0,True,,1,0,0,0,0,0,"[A.Rodgers, J.Starks]",1895,0,1,0,0,0,GB,Q2 00:09,False,OPP 17,3
2013,1,4:40,1/5/2013,(14:19) (Shotgun) A.Rodgers pass short left to E.Lacy to GB 48 for 4 yards (E.Reid).,1,10,0,True,,1,1,0,0,0,4,"[E.Reid, A.Rodgers, E.Lacy]",2096,1,1,0,4,4,GB,Q3 14:19,False,OWN 44,10
2013,1,4:40,1/5/2013,(13:00) (Shotgun) A.Rodgers pass incomplete deep middle to J.Jones (P.Cox).,3,10,0,True,,1,0,0,0,0,0,"[P.Cox, A.Rodgers, J.Jones]",2141,0,1,0,0,0,GB,Q3 13:00,False,OWN 46,8
2013,1,4:40,1/5/2013,(6:23) A.Rodgers sacked at GB 19 for -8 yards (A.Smith).,1,12,0,True,,0,0,0,0,0,0,"[A.Smith, A.Rodgers]",2468,0,0,0,0,0,GB,Q3 06:23,False,OWN 27,10
2013,1,4:40,1/5/2013,(5:45) (Shotgun) A.Rodgers sacked at GB 14 for -5 yards (A.Brooks).,2,12,0,True,,0,0,0,0,0,0,"[A.Rodgers, A.Brooks]",2487,0,0,0,0,0,GB,Q3 05:45,False,OWN 19,18
2013,1,4:40,1/5/2013,(5:16) (Shotgun) A.Rodgers pass incomplete deep middle to J.Nelson (T.Brown).,3,12,0,True,,1,0,0,0,0,0,"[T.Brown, A.Rodgers, J.Nelson]",2506,0,1,0,0,0,GB,Q3 05:16,False,OWN 14,23
2013,1,4:40,1/5/2013,(:57) A.Rodgers pass short right to J.Nelson to SF 48 for 6 yards (T.Brock).,1,14,0,True,,1,1,0,0,0,6,"[A.Rodgers, T.Brock, J.Nelson]",2715,1,1,0,6,6,GB,Q3 00:57,False,OWN 46,10
2013,1,4:40,1/5/2013,(15:00) A.Rodgers pass incomplete deep right to J.Jones.,1,14,0,True,,1,0,0,0,0,0,"[A.Rodgers, J.Jones]",2776,0,1,0,0,0,GB,Q4 15:00,False,OPP 38,10
2013,1,4:40,1/5/2013,(13:28) (Shotgun) A.Rodgers pass deep right to R.Cobb to SF 4 for 26 yards (P.Cox).,4,14,1,True,,1,1,20,1,0,26,"[A.Rodgers, R.Cobb, P.Cox]",2840,1,1,0,6,26,GB,Q4 13:28,False,OPP 30,2
2013,1,4:40,1/5/2013,(9:50) (Shotgun) A.Rodgers pass short right to J.Nelson to GB 45 for 11 yards (D.Whitner).,2,16,1,True,,1,1,5,1,0,11,"[D.Whitner, A.Rodgers, J.Nelson]",3131,1,1,0,6,11,GB,Q4 09:50,False,OWN 34,9
2013,1,4:40,1/5/2013,(9:13) A.Rodgers pass incomplete short right to E.Lacy.,1,16,0,True,,1,0,0,0,0,0,"[A.Rodgers, E.Lacy]",3155,0,1,0,0,0,GB,Q4 09:13,False,OWN 45,10
2013,1,4:40,1/5/2013,(8:28) (Shotgun) A.Rodgers pass short middle to J.Kuhn to SF 42 for 8 yards (N.Bowman).,3,16,1,True,,1,1,3,1,0,8,"[J.Kuhn, A.Rodgers, N.Bowman]",3198,1,1,0,5,8,GB,Q4 08:28,False,MIDFIELD,5
2013,1,4:40,1/5/2013,(7:07) (Shotgun) A.Rodgers pass deep left to R.Cobb to SF 9 for 25 yards (E.Reid) [G.Dorsey].,2,16,1,True,,1,1,19,1,0,25,"[E.Reid, A.Rodgers, R.Cobb, G.Dorsey]",3243,1,1,0,6,25,GB,Q4 07:07,False,OPP 34,2
2013,1,4:40,1/5/2013,(5:32) (Shotgun) A.Rodgers pass incomplete short right.,2,16,0,True,,1,0,0,0,0,0,[A.Rodgers],3305,0,0,0,0,0,GB,Q4 05:32,False,OPP 8,8
2013,1,4:40,1/5/2013,"(5:24) (Shotgun) A.Rodgers up the middle to SF 6 for 2 yards (R.McDonald). Penalty on GB-J.Sitton, Offensive Holding, declined.",3,16,0,True,,0,0,0,0,0,0,"[R.McDonald, A.Rodgers]",3327,0,0,0,0,0,GB,Q4 05:24,False,OPP 8,8
